"huntCode","species","sex","huntType","huntClass","area","unitCode","unitNames","weapon","conditions","permitCount","organizations","averageValue","sourceSpecies","sourceRowStart","sourceRowNumbers","matchedPermitRegister","matchedRegisterLabel","matchedCanonicalHunts","boundaryIds","sourceHuntCodes"
"CP-BISON-BOOK-CLIFFS-BITTER-CREEK-HUNTER-S-CHOICE--ANY-LEGAL-WEAPON","Bison","","Conservation","UWSF","Book Cliffs, Bitter Creek, Hunter's Choice","book-cliffs-bitter-creek-hunter-s-choice","System.Object[]","Any Legal Weapon","Any Legal Weapon","1","System.Object[]","35000","Bison","65","System.Object[]","True","","True","System.Object[]",
"CP-BISON-BOOK-CLIFFS-LITTLE-CREEK-SOUTH-HUNTER-S-CHOICE--ANY-LEGAL-WEAPON","Bison","","Conservation","SFW","Book Cliffs, Little Creek/South, Hunter's Choice","book-cliffs-little-creek-south-hunter-s-choice","System.Object[]","Any Legal Weapon","Any Legal Weapon","1","System.Object[]","35000","Bison","66","System.Object[]","True","","True","System.Object[]",
"CP-BISON-HENRY-MTNS-COW-ONLY-LATE--ANY-LEGAL-WEAPON","Bison","","Conservation","SFW","Henry Mtns, Cow Only (late)","henry-mtns-cow-only-late","System.Object[]","Any Legal Weapon","Any Legal Weapon","1","System.Object[]","9166.67","Bison","68","System.Object[]","True","","True","System.Object[]",
"CP-BISON-HENRY-MTNS-HUNTER-S-CHOICE-EARLY--ANY-LEGAL-WEAPON","Bison","","Conservation","RMEF","Henry Mtns, Hunter's Choice (early)","henry-mtns-hunter-s-choice-early","System.Object[]","Any Legal Weapon","Any Legal Weapon","1","System.Object[]","68333.33","Bison","67","System.Object[]","True","","True","System.Object[]",
"CP-BISON-HENRY-MTNS-HUNTER-S-CHOICE-LATE--ANY-LEGAL-WEAPON","Bison","","Conservation","SCI","Henry Mtns, Hunter's Choice (late)","henry-mtns-hunter-s-choice-late","System.Object[]","Any Legal Weapon","Any Legal Weapon","1","System.Object[]","40333.33","Bison","69","System.Object[]","True","","True","System.Object[]",
"CP-BISON-STATEWIDE--ANY-LEGAL-WEAPON","Bison","","Conservation","SFW","Statewide","statewide","System.Object[]","Any Legal Weapon","Any Legal Weapon","1","System.Object[]","121666.67","Bison","70","System.Object[]","True","Statewide Bison Conservation","True","System.Object[]","System.Object[]"
"CP-BLACK-BEAR-BEAVER-EITHER-SEX-MULTISEASON","Black Bear","Either Sex","Conservation","MDF","Beaver","beaver","System.Object[]","ALW","ALW","1","System.Object[]","9500","Bear","21","System.Object[]","True","","True","System.Object[]","System.Object[]"
"CP-BLACK-BEAR-BOOK-CLIFFS-BITTER-CREEK-SOUTH-EITHER-SEX-MULTISEASON","Black Bear","Either Sex","Conservation","MDF","Book Cliffs, Bitter Creek/South","book-cliffs-bitter-creek-south","System.Object[]","ALW","ALW","1","System.Object[]","5283.33","Bear","23","System.Object[]","True","","True","System.Object[]","System.Object[]"
"CP-BLACK-BEAR-BOOK-CLIFFS-BITTER-CREEK-SOUTH-EITHER-SEX-MULTISEASON","Black Bear","Either Sex","Conservation","SFW","Book Cliffs, Bitter Creek/South","book-cliffs-bitter-creek-south","System.Object[]","ALW","ALW","3","System.Object[]","5283.33","Bear","22","System.Object[]","True","","True","System.Object[]","System.Object[]"
"CP-BLACK-BEAR-BOOK-CLIFFS-LITTLE-CREEK-ROADLESS-EITHER-SEX-MULTISEASON","Black Bear","Either Sex","Conservation","SFW","Book Cliffs, Little Creek Roadless","book-cliffs-little-creek-roadless","System.Object[]","ALW","ALW","1","System.Object[]","3333.33","Bear","26","System.Object[]","True","","True","System.Object[]","System.Object[]"
"CP-BLACK-BEAR-BOULDER-KAIPAROWITS-EITHER-SEX-MULTISEASON","Black Bear","Either Sex","Conservation","SFW","Boulder/Kaiparowits","boulder-kaiparowits","System.Object[]","ALW","ALW","4","System.Object[]","3983.33","Bear","27","System.Object[]","True","","True","System.Object[]","System.Object[]"
"CP-BLACK-BEAR-CHALK-CREEK-EAST-CANYON-MORGAN-SOUTH-RICH-EITHER-SEX-MULTISEASON","Black Bear","Either Sex","Conservation","DSC","Chalk Creek/East Canyon/Morgan-South Rich","chalk-creek-east-canyon-morgan-south-rich","System.Object[]","ALW","ALW","1","System.Object[]","2850","Bear","31","System.Object[]","True","","True","System.Object[]","System.Object[]"
"CP-BLACK-BEAR-DIAMOND-MTN-VERNAL-BONANZA-EITHER-SEX-MULTISEASON","Black Bear","Either Sex","Conservation","MDF","Diamond Mtn/Vernal/Bonanza","diamond-mtn-vernal-bonanza","System.Object[]","ALW","ALW","1","System.Object[]","4875","Bear","32","System.Object[]","True","","True","System.Object[]","System.Object[]"
"CP-BLACK-BEAR-DIAMOND-MTN-VERNAL-BONANZA-EITHER-SEX-MULTISEASON","Black Bear","Either Sex","Conservation","SFW","Diamond Mtn/Vernal/Bonanza","diamond-mtn-vernal-bonanza","System.Object[]","ALW","ALW","1","System.Object[]","4875","Bear","33","System.Object[]","True","","True","System.Object[]","System.Object[]"
"CP-BLACK-BEAR-FISHLAKE-THOUSAND-LAKES-EITHER-SEX-MULTISEASON","Black Bear","Either Sex","Conservation","SFW","Fishlake/Thousand Lakes","fishlake-thousand-lakes","System.Object[]","ALW","ALW","1","System.Object[]","13833.33","Bear","34","System.Object[]","True","","True","System.Object[]","System.Object[]"
"CP-BLACK-BEAR-KAMAS-NORTH-SLOPE-SUMMIT-EITHER-SEX-MULTISEASON","Black Bear","Either Sex","Conservation","MDF","Kamas/North Slope, Summit","kamas-north-slope-summit","System.Object[]","ALW","ALW","1","System.Object[]","4750","Bear","35","System.Object[]","True","","True","System.Object[]","System.Object[]"
"CP-BLACK-BEAR-LA-SAL-EITHER-SEX-MULTISEASON","Black Bear","Either Sex","Conservation","MDF","La Sal","la-sal","System.Object[]","ALW","ALW","1","System.Object[]","8370.83","Bear","38","System.Object[]","True","","True","System.Object[]","System.Object[]"
"CP-BLACK-BEAR-LA-SAL-EITHER-SEX-MULTISEASON","Black Bear","Either Sex","Conservation","SFW","La Sal","la-sal","System.Object[]","ALW","ALW","2","System.Object[]","8370.83","Bear","37","System.Object[]","True","","True","System.Object[]","System.Object[]"
"CP-BLACK-BEAR-LA-SAL-EITHER-SEX-MULTISEASON","Black Bear","Either Sex","Conservation","UHA","La Sal","la-sal","System.Object[]","ALW","ALW","1","System.Object[]","8370.83","Bear","36","System.Object[]","True","","True","System.Object[]","System.Object[]"
"CP-BLACK-BEAR-MANTI-NORTH-EITHER-SEX-MULTISEASON","Black Bear","Either Sex","Conservation","MDF","Manti-North","manti-north","System.Object[]","ALW","ALW","1","System.Object[]","5133.33","Bear","41","System.Object[]","True","","True","System.Object[]","System.Object[]"
"CP-BLACK-BEAR-MANTI-NORTH-EITHER-SEX-MULTISEASON","Black Bear","Either Sex","Conservation","SFW","Manti-North","manti-north","System.Object[]","ALW","ALW","1","System.Object[]","5133.33","Bear","42","System.Object[]","True","","True","System.Object[]","System.Object[]"
"CP-BLACK-BEAR-MANTI-NORTH-EITHER-SEX-MULTISEASON","Black Bear","Either Sex","Conservation","UHA","Manti-North","manti-north","System.Object[]","ALW","ALW","1","System.Object[]","5133.33","Bear","40","System.Object[]","True","","True","System.Object[]","System.Object[]"
"CP-BLACK-BEAR-MANTI-SOUTH-SAN-RAFAEL-NORTH-EITHER-SEX-MULTISEASON","Black Bear","Either Sex","Conservation","MDF","Manti-South/San Rafael, North","manti-south-san-rafael-north","System.Object[]","ALW","ALW","2","System.Object[]","9611.11","Bear","43","System.Object[]","True","","True","System.Object[]","System.Object[]"
"CP-BLACK-BEAR-MANTI-SOUTH-SAN-RAFAEL-NORTH-EITHER-SEX-MULTISEASON","Black Bear","Either Sex","Conservation","SFW","Manti-South/San Rafael, North","manti-south-san-rafael-north","System.Object[]","ALW","ALW","1","System.Object[]","9611.11","Bear","45","System.Object[]","True","","True","System.Object[]","System.Object[]"
"CP-BLACK-BEAR-NEBO-EITHER-SEX-MULTISEASON","Black Bear","Either Sex","Conservation","UHA","Nebo","nebo","System.Object[]","ALW","ALW","1","System.Object[]","5266.67","Bear","46","System.Object[]","True","","True","System.Object[]","System.Object[]"
"CP-BLACK-BEAR-NINE-MILE-EITHER-SEX-MULTISEASON","Black Bear","Either Sex","Conservation","SFW","Nine Mile","nine-mile","System.Object[]","ALW","ALW","4","System.Object[]","2255.56","Bear","47","System.Object[]","True","","True","System.Object[]","System.Object[]"
"CP-BLACK-BEAR-PANGUITCH-LAKE-ZION-EITHER-SEX-MULTISEASON","Black Bear","Either Sex","Conservation","MDF","Panguitch Lake/Zion","panguitch-lake-zion","System.Object[]","ALW","ALW","1","System.Object[]","6166.67","Bear","51","System.Object[]","True","","True","System.Object[]","System.Object[]"
"CP-BLACK-BEAR-PAUNSAUGUNT-EITHER-SEX-MULTISEASON","Black Bear","Either Sex","Conservation","SFW","Paunsaugunt","paunsaugunt","System.Object[]","ALW","ALW","1","System.Object[]","4000","Bear","52","System.Object[]","True","","True","System.Object[]","System.Object[]"
"CP-BLACK-BEAR-SAN-JUAN-EITHER-SEX-MULTISEASON","Black Bear","Either Sex","Conservation","MDF","San Juan","san-juan","System.Object[]","ALW","ALW","1","System.Object[]","5320.83","Bear","56","System.Object[]","True","","True","System.Object[]","System.Object[]"
"CP-BLACK-BEAR-SAN-JUAN-EITHER-SEX-MULTISEASON","Black Bear","Either Sex","Conservation","SFW","San Juan","san-juan","System.Object[]","ALW","ALW","2","System.Object[]","5320.83","Bear","54","System.Object[]","True","","True","System.Object[]","System.Object[]"
"CP-BLACK-BEAR-SAN-JUAN-EITHER-SEX-MULTISEASON","Black Bear","Either Sex","Conservation","UHA","San Juan","san-juan","System.Object[]","ALW","ALW","1","System.Object[]","5320.83","Bear","53","System.Object[]","True","","True","System.Object[]","System.Object[]"
"CP-BLACK-BEAR-STATEWIDE-EITHER-SEX-MULTISEASON","Black Bear","Either Sex","Conservation","MDF","Statewide","statewide","System.Object[]","ALW","ALW","1","System.Object[]","15666.67","Bear","64","System.Object[]","True","Statewide Black Bear Conservation","True","System.Object[]","System.Object[]"
"CP-BLACK-BEAR-WASATCH-MTNS-AVINTAQUIN-CURRANT-CREEK-EITHER-SEX-MULTISEASON","Black Bear","Either Sex","Conservation","SFW","Wasatch Mtns, Avintaquin/Currant Creek","wasatch-mtns-avintaquin-currant-creek","System.Object[]","ALW","ALW","2","System.Object[]","4333.33","Bear","57","System.Object[]","True","","True","System.Object[]","System.Object[]"
"CP-BLACK-BEAR-WASATCH-MTNS-WEST-CENTRAL-EITHER-SEX-MULTISEASON","Black Bear","Either Sex","Conservation","MDF","Wasatch Mtns, West-Central","wasatch-mtns-west-central","System.Object[]","ALW","ALW","1","System.Object[]","4716.67","Bear","61","System.Object[]","True","","True","System.Object[]","System.Object[]"
"CP-BLACK-BEAR-WASATCH-MTNS-WEST-CENTRAL-EITHER-SEX-MULTISEASON","Black Bear","Either Sex","Conservation","SFW","Wasatch Mtns, West-Central","wasatch-mtns-west-central","System.Object[]","ALW","ALW","2","System.Object[]","4716.67","Bear","60","System.Object[]","True","","True","System.Object[]","System.Object[]"
"CP-BLACK-BEAR-WASATCH-MTNS-WEST-CENTRAL-EITHER-SEX-MULTISEASON","Black Bear","Either Sex","Conservation","UAA","Wasatch Mtns, West-Central","wasatch-mtns-west-central","System.Object[]","ALW","ALW","1","System.Object[]","4716.67","Bear","59","System.Object[]","True","","True","System.Object[]","System.Object[]"
"CP-BLACK-BEAR-YELLOWSTONE-EITHER-SEX-MULTISEASON","Black Bear","Either Sex","Conservation","WCF","Yellowstone","yellowstone","System.Object[]","ALW","ALW","1","System.Object[]","3500","Bear","63","System.Object[]","True","","True","System.Object[]","System.Object[]"
"CP-DEER-BOOK-CLIFFS-BUCK-HUNTER-S-CHOICE","Deer","Buck","Conservation","MDF","Book Cliffs","book-cliffs","System.Object[]","ALW","ALW","1","System.Object[]","20875","Deer","91","System.Object[]","True","Book Cliffs Conservation Permit","True","System.Object[]","System.Object[]"
"CP-DEER-BOOK-CLIFFS-BUCK-MULTISEASON","Deer","Buck","Conservation","MDF","Book Cliffs","book-cliffs","System.Object[]","ALW","ALW","1","System.Object[]","23000","Deer","93","System.Object[]","True","Book Cliffs Conservation Permit","True","System.Object[]","System.Object[]"
"CP-DEER-BOOK-CLIFFS-BUCK-HUNTER-S-CHOICE","Deer","Buck","Conservation","SFW","Book Cliffs","book-cliffs","System.Object[]","ALW","ALW","1","System.Object[]","20875","Deer","90","System.Object[]","True","Book Cliffs Conservation Permit","True","System.Object[]","System.Object[]"
"CP-DEER-BOOK-CLIFFS-BUCK-MULTISEASON","Deer","Buck","Conservation","SFW","Book Cliffs","book-cliffs","System.Object[]","ALW","ALW","1","System.Object[]","23000","Deer","92","System.Object[]","True","Book Cliffs Conservation Permit","True","System.Object[]","System.Object[]"
"CP-DEER-BOOK-CLIFFS-BUCK-ARCHERY","Deer","Buck","Conservation","UAA","Book Cliffs","book-cliffs","System.Object[]","Archery","Archery","1","System.Object[]","8750","Deer","89","System.Object[]","True","Book Cliffs Conservation Permit","True","System.Object[]","System.Object[]"
"CP-DEER-BOOK-CLIFFS-BUCK-MUZZLELOADER","Deer","Buck","Conservation","UHA","Book Cliffs","book-cliffs","System.Object[]","Muzzleloader","Muzzleloader","1","System.Object[]","7375","Deer","94","System.Object[]","True","Book Cliffs Conservation Permit","True","System.Object[]","System.Object[]"
"CP-DEER-BOOK-CLIFFS-BUCK-ARCHERY","Deer","Buck","Conservation","WCF","Book Cliffs","book-cliffs","System.Object[]","Archery","Archery","1","System.Object[]","8750","Deer","88","System.Object[]","True","Book Cliffs Conservation Permit","True","System.Object[]","System.Object[]"
"CP-DEER-BOOK-CLIFFS-BUCK-MUZZLELOADER","Deer","Buck","Conservation","WCF","Book Cliffs","book-cliffs","System.Object[]","Muzzleloader","Muzzleloader","1","System.Object[]","7375","Deer","95","System.Object[]","True","Book Cliffs Conservation Permit","True","System.Object[]","System.Object[]"
"CP-DEER-DIAMOND-MTN-BUCK-ARCHERY","Deer","Buck","Conservation","MDF","Diamond Mtn","diamond-mtn","System.Object[]","Archery","Archery","1","System.Object[]","11500","Deer","96","System.Object[]","True","Diamond Mtn Conservation Permit","True","System.Object[]","System.Object[]"
"CP-DEER-DIAMOND-MTN-BUCK-HUNTER-S-CHOICE","Deer","Buck","Conservation","MDF","Diamond Mtn","diamond-mtn","System.Object[]","ALW","ALW","1","System.Object[]","12666.67","Deer","98","System.Object[]","True","Diamond Mtn Conservation Permit","True","System.Object[]","System.Object[]"
"CP-DEER-DIAMOND-MTN-BUCK-MULTISEASON","Deer","Buck","Conservation","MDF","Diamond Mtn","diamond-mtn","System.Object[]","ALW","ALW","2","System.Object[]","14000","Deer","99","System.Object[]","True","Diamond Mtn Conservation Permit","True","System.Object[]","System.Object[]"
"CP-DEER-DIAMOND-MTN-BUCK-HUNTER-S-CHOICE","Deer","Buck","Conservation","RMEF","Diamond Mtn","diamond-mtn","System.Object[]","ALW","ALW","1","System.Object[]","12666.67","Deer","97","System.Object[]","True","Diamond Mtn Conservation Permit","True","System.Object[]","System.Object[]"
"CP-DEER-DIAMOND-MTN-BUCK-MUZZLELOADER","Deer","Buck","Conservation","SFW","Diamond Mtn","diamond-mtn","System.Object[]","Muzzleloader","Muzzleloader","1","System.Object[]","9666.67","Deer","101","System.Object[]","True","Diamond Mtn Conservation Permit","True","System.Object[]","System.Object[]"
"CP-DEER-FILLMORE-OAK-CREEK-LE-BUCK-HUNTER-S-CHOICE","Deer","Buck","Conservation","MDF","Fillmore, Oak Creek LE","fillmore-oak-creek-le","System.Object[]","ALW","ALW","1","System.Object[]","71250","Deer","102","System.Object[]","True","Fillmore, Oak Creek LE Conservation Permit","True","System.Object[]","System.Object[]"
"CP-DEER-FILLMORE-OAK-CREEK-LE-BUCK-MULTISEASON","Deer","Buck","Conservation","MDF","Fillmore, Oak Creek LE","fillmore-oak-creek-le","System.Object[]","ALW","ALW","1","System.Object[]","78000","Deer","103","System.Object[]","True","Fillmore, Oak Creek LE Conservation Permit","True","System.Object[]","System.Object[]"
"CP-DEER-HENRY-MTNS-BUCK-MULTISEASON","Deer","Buck","Conservation","MDF","Henry Mtns","henry-mtns","System.Object[]","ALW","ALW","1","System.Object[]","114500","Deer","80","System.Object[]","True","Henry Mtns Conservation Permit","True","System.Object[]","System.Object[]"
"CP-DEER-HENRY-MTNS-BUCK-HUNTER-S-CHOICE","Deer","Buck","Conservation","SFW","Henry Mtns","henry-mtns","System.Object[]","ALW","ALW","1","System.Object[]","104166.67","Deer","79","System.Object[]","True","Henry Mtns Conservation Permit","True","System.Object[]","System.Object[]"
"CP-DEER-LA-SAL-DOLORES-TRIANGLE-BUCK-MULTISEASON","Deer","Buck","Conservation","SCI","La Sal, Dolores Triangle","la-sal-dolores-triangle","System.Object[]","ALW","ALW","1","System.Object[]","30000","Deer","104","System.Object[]","True","La Sal, Dolores Triangle Conservation Permit","True","System.Object[]","System.Object[]"
"CP-DEER-PAUNSAUGUNT-BUCK-HUNTER-S-CHOICE","Deer","Buck","Conservation","MDF","Paunsaugunt","paunsaugunt","System.Object[]","ALW","ALW","1","System.Object[]","74666.67","Deer","82","System.Object[]","True","Paunsaugunt Conservation Permit","True","System.Object[]","System.Object[]"
"CP-DEER-PAUNSAUGUNT-BUCK-MUZZLELOADER","Deer","Buck","Conservation","MDF","Paunsaugunt","paunsaugunt","System.Object[]","Muzzleloader","Muzzleloader","1","System.Object[]","40000","Deer","87","System.Object[]","True","Paunsaugunt Conservation Permit","True","System.Object[]","System.Object[]"
"CP-DEER-PAUNSAUGUNT-BUCK-ARCHERY","Deer","Buck","Conservation","NWTF","Paunsaugunt","paunsaugunt","System.Object[]","Archery","Archery","1","System.Object[]","68333.33","Deer","81","System.Object[]","True","Paunsaugunt Conservation Permit","True","System.Object[]","System.Object[]"
"CP-DEER-PAUNSAUGUNT-BUCK-MUZZLELOADER","Deer","Buck","Conservation","NWTF","Paunsaugunt","paunsaugunt","System.Object[]","Muzzleloader","Muzzleloader","1","System.Object[]","40000","Deer","86","System.Object[]","True","Paunsaugunt Conservation Permit","True","System.Object[]","System.Object[]"
"CP-DEER-PAUNSAUGUNT-BUCK-HUNTER-S-CHOICE","Deer","Buck","Conservation","SFW","Paunsaugunt","paunsaugunt","System.Object[]","ALW","ALW","1","System.Object[]","74666.67","Deer","83","System.Object[]","True","Paunsaugunt Conservation Permit","True","System.Object[]","System.Object[]"
"CP-DEER-PAUNSAUGUNT-BUCK-MULTISEASON","Deer","Buck","Conservation","SFW","Paunsaugunt","paunsaugunt","System.Object[]","ALW","ALW","2","System.Object[]","82000","Deer","84","System.Object[]","True","Paunsaugunt Conservation Permit","True","System.Object[]","System.Object[]"
"CP-DEER-SAN-JUAN-ELK-RIDGE-BUCK-MUZZLELOADER","Deer","Buck","Conservation","MDF","San Juan, Elk Ridge","san-juan-elk-ridge","System.Object[]","Muzzleloader","Muzzleloader","1","System.Object[]","42000","Deer","108","System.Object[]","True","San Juan, Elk Ridge Conservation Permit","True","System.Object[]","System.Object[]"
"CP-DEER-SAN-JUAN-ELK-RIDGE-BUCK-HUNTER-S-CHOICE","Deer","Buck","Conservation","SFW","San Juan, Elk Ridge","san-juan-elk-ridge","System.Object[]","ALW","ALW","1","System.Object[]","60666.67","Deer","106","System.Object[]","True","San Juan, Elk Ridge Conservation Permit","True","System.Object[]","System.Object[]"
"CP-DEER-SAN-JUAN-ELK-RIDGE-BUCK-MULTISEASON","Deer","Buck","Conservation","SFW","San Juan, Elk Ridge","san-juan-elk-ridge","System.Object[]","ALW","ALW","1","System.Object[]","67000","Deer","107","System.Object[]","True","San Juan, Elk Ridge Conservation Permit","True","System.Object[]","System.Object[]"
"CP-DEER-SAN-JUAN-ELK-RIDGE-BUCK-ARCHERY","Deer","Buck","Conservation","UAA","San Juan, Elk Ridge","san-juan-elk-ridge","System.Object[]","Archery","Archery","1","System.Object[]","42000","Deer","105","System.Object[]","True","San Juan, Elk Ridge Conservation Permit","True","System.Object[]","System.Object[]"
"CP-DEER-STATEWIDE-BUCK-ANY-LEGAL-WEAPON","Deer","Buck","Conservation","MDF","Statewide","statewide","System.Object[]","Any Legal Weapon",,"1","System.Object[]","288333.33","Deer","117","System.Object[]","True","Statewide Deer Conservation Permit","True","System.Object[]",
"CP-DEER-WEST-DESERT-VERNON-BUCK-MUZZLELOADER","Deer","Buck","Conservation","DSC","West Desert, Vernon","west-desert-vernon","System.Object[]","Muzzleloader","Muzzleloader","1","System.Object[]","14083.33","Deer","116","System.Object[]","True","West Desert, Vernon Conservation Permit","True","System.Object[]","System.Object[]"
"CP-DEER-WEST-DESERT-VERNON-BUCK-ARCHERY","Deer","Buck","Conservation","MDF","West Desert, Vernon","west-desert-vernon","System.Object[]","Archery","Archery","1","System.Object[]","14350","Deer","109","System.Object[]","True","West Desert, Vernon Conservation Permit","True","System.Object[]","System.Object[]"
"CP-DEER-WEST-DESERT-VERNON-BUCK-MULTISEASON","Deer","Buck","Conservation","MDF","West Desert, Vernon","west-desert-vernon","System.Object[]","ALW","ALW","1","System.Object[]","17000","Deer","114","System.Object[]","True","West Desert, Vernon Conservation Permit","True","System.Object[]","System.Object[]"
"CP-DEER-WEST-DESERT-VERNON-BUCK-MUZZLELOADER","Deer","Buck","Conservation","MDF","West Desert, Vernon","west-desert-vernon","System.Object[]","Muzzleloader","Muzzleloader","1","System.Object[]","14083.33","Deer","115","System.Object[]","True","West Desert, Vernon Conservation Permit","True","System.Object[]","System.Object[]"
"CP-DEER-WEST-DESERT-VERNON-BUCK-ARCHERY","Deer","Buck","Conservation","SFW","West Desert, Vernon","west-desert-vernon","System.Object[]","Archery","Archery","1","System.Object[]","14350","Deer","110","System.Object[]","True","West Desert, Vernon Conservation Permit","True","System.Object[]","System.Object[]"
"CP-DEER-WEST-DESERT-VERNON-BUCK-HUNTER-S-CHOICE","Deer","Buck","Conservation","SFW","West Desert, Vernon","west-desert-vernon","System.Object[]","ALW","ALW","2","System.Object[]","15416.67","Deer","111","System.Object[]","True","West Desert, Vernon Conservation Permit","True","System.Object[]","System.Object[]"
"CP-DEER-WEST-DESERT-VERNON-BUCK-MULTISEASON","Deer","Buck","Conservation","SFW","West Desert, Vernon","west-desert-vernon","System.Object[]","ALW","ALW","1","System.Object[]","17000","Deer","113","System.Object[]","True","West Desert, Vernon Conservation Permit","True","System.Object[]","System.Object[]"
"CP-DESERT-BIGHORN-SHEEP-KAIPAROWITS-EAST-RAM-ANY-LEGAL-WEAPON","Desert Bighorn Sheep","Ram","Conservation","UWSF","Kaiparowits, East","kaiparowits-east","System.Object[]","Any Legal Weapon","Any Legal Weapon","1","System.Object[]","88333.33","Desert Bighorn Sheep","71","System.Object[]","True","Kaiparowits East Conservation","True","System.Object[]","System.Object[]"
"CP-DESERT-BIGHORN-SHEEP-KAIPAROWITS-ESCALANTE-RAM-ANY-LEGAL-WEAPON","Desert Bighorn Sheep","Ram","Conservation","UWSF","Kaiparowits, Escalante","kaiparowits-escalante","System.Object[]","Any Legal Weapon","Any Legal Weapon","1","System.Object[]","71666.67","Desert Bighorn Sheep","72","System.Object[]","True","Kaiparowits Escalante East/West Conservation","True","System.Object[]","System.Object[]"
"CP-DESERT-BIGHORN-SHEEP-KAIPAROWITS-WEST-RAM-ANY-LEGAL-WEAPON","Desert Bighorn Sheep","Ram","Conservation","UWSF","Kaiparowits, West","kaiparowits-west","System.Object[]","Any Legal Weapon","Any Legal Weapon","1","System.Object[]","77500","Desert Bighorn Sheep","73","System.Object[]","True","Kaiparowits West Conservation","True","System.Object[]","System.Object[]"
"CP-DESERT-BIGHORN-SHEEP-LA-SAL-POTASH-SOUTH-CISCO-RAM-ANY-LEGAL-WEAPON","Desert Bighorn Sheep","Ram","Conservation","SFW","La Sal, Potash/South Cisco","la-sal-potash-south-cisco","System.Object[]","Any Legal Weapon","Any Legal Weapon","1","System.Object[]","60833.33","Desert Bighorn Sheep","74","System.Object[]","True","San Rafael Dirty Devil Conservation","True","System.Object[]","DS6604"
"CP-DESERT-BIGHORN-SHEEP-PINE-VALLEY-BEAVER-DAM-RAM-ANY-LEGAL-WEAPON","Desert Bighorn Sheep","Ram","Conservation","UWSF","Pine Valley, Beaver Dam","pine-valley-beaver-dam","System.Object[]","Any Legal Weapon","Any Legal Weapon","1","System.Object[]","73214.29","Desert Bighorn Sheep","75","System.Object[]","True","Pine Valley Beaver Dam Conservation","True","System.Object[]","DS6621"
"CP-DESERT-BIGHORN-SHEEP-SAN-RAFAEL-DIRTY-DEVIL-RAM-ANY-LEGAL-WEAPON","Desert Bighorn Sheep","Ram","Conservation","SCI","San Rafael, Dirty Devil","san-rafael-dirty-devil","System.Object[]","Any Legal Weapon","Any Legal Weapon","1","System.Object[]","73333.33","Desert Bighorn Sheep","76","System.Object[]","True","San Rafael Dirty Devil Conservation","True","System.Object[]","System.Object[]"
"CP-DESERT-BIGHORN-SHEEP-SAN-RAFAEL-SOUTH-RAM-ANY-LEGAL-WEAPON","Desert Bighorn Sheep","Ram","Conservation","UWSF","San Rafael, South","san-rafael-south","System.Object[]","Any Legal Weapon","Any Legal Weapon","1","System.Object[]","60833.33","Desert Bighorn Sheep","77","System.Object[]","True","San Rafael South Conservation","True","System.Object[]","System.Object[]"
"CP-DESERT-BIGHORN-SHEEP-STATEWIDE-RAM-ANY-LEGAL-WEAPON","Desert Bighorn Sheep","Ram","Conservation","SFW","Statewide","statewide","System.Object[]","Any Legal Weapon","Any Legal Weapon","1","System.Object[]","140000","Desert Bighorn Sheep","78","System.Object[]","True","Statewide Bighorn Conservation","True","System.Object[]","System.Object[]"
"CP-ELK-BEAVER-EAST-BULL-MULTISEASON","Elk","Bull","Conservation","MDF","Beaver, East","beaver-east","System.Object[]","ALW","ALW","1","System.Object[]","184166.67","Elk","121","System.Object[]","True","Beaver, East Conservation Permit","True","System.Object[]","System.Object[]"
"CP-ELK-BEAVER-EAST-BULL-ANY-LEGAL-WEAPON","Elk","Bull","Conservation","SFW","Beaver, East","beaver-east","System.Object[]","Any Legal Weapon","Any Legal Weapon, late","1","System.Object[]","99000","Elk","118","System.Object[]","True","Beaver, East Conservation Permit","True","System.Object[]","System.Object[]"
"CP-ELK-BEAVER-EAST-BULL-HUNTER-S-CHOICE","Elk","Bull","Conservation","SFW","Beaver, East","beaver-east","System.Object[]","ALW","ALW","1","System.Object[]","123333.33","Elk","120","System.Object[]","True","Beaver, East Conservation Permit","True","System.Object[]","System.Object[]"
"CP-ELK-BEAVER-EAST-BULL-ARCHERY","Elk","Bull","Conservation","UAA","Beaver, East","beaver-east","System.Object[]","Archery","Archery","1","System.Object[]","74000","Elk","119","System.Object[]","True","Beaver, East Conservation Permit","True","System.Object[]","System.Object[]"
"CP-ELK-BOOK-CLIFFS-BITTER-CREEK-EAST-BULL-HUNTER-S-CHOICE","Elk","Bull","Conservation","DSC","Book Cliffs, Bitter Creek/East","book-cliffs-bitter-creek-east","System.Object[]","ALW","ALW","1","System.Object[]","14250","Elk","124","System.Object[]","True","Book Cliffs, Bitter Creek/East Conservation Permit","True","System.Object[]","System.Object[]"
"CP-ELK-BOOK-CLIFFS-BITTER-CREEK-EAST-BULL-ANY-LEGAL-WEAPON","Elk","Bull","Conservation","RMEF","Book Cliffs, Bitter Creek/East","book-cliffs-bitter-creek-east","System.Object[]","Any Legal Weapon","Any Legal Weapon, late","1","System.Object[]","11500","Elk","122","System.Object[]","True","Book Cliffs, Bitter Creek/East Conservation Permit","True","System.Object[]","System.Object[]"
"CP-ELK-BOOK-CLIFFS-BITTER-CREEK-EAST-BULL-ARCHERY","Elk","Bull","Conservation","SFW","Book Cliffs, Bitter Creek/East","book-cliffs-bitter-creek-east","System.Object[]","Archery","Archery","1","System.Object[]","15200","Elk","123","System.Object[]","True","Book Cliffs, Bitter Creek/East Conservation Permit","True","System.Object[]","System.Object[]"
"CP-ELK-BOOK-CLIFFS-BITTER-CREEK-EAST-BULL-MULTISEASON","Elk","Bull","Conservation","WCF","Book Cliffs, Bitter Creek/East","book-cliffs-bitter-creek-east","System.Object[]","ALW","ALW","1","System.Object[]","17666.67","Elk","125","System.Object[]","True","Book Cliffs, Bitter Creek/East Conservation Permit","True","System.Object[]","System.Object[]"
"CP-ELK-BOULDER-BULL-ANY-LEGAL-WEAPON","Elk","Bull","Conservation","MDF","Boulder","boulder","System.Object[]","Any Legal Weapon","Any Legal Weapon, late","1","System.Object[]","53500","Elk","126","System.Object[]","True","Boulder Conservation Permit","True","System.Object[]","System.Object[]"
"CP-ELK-BOULDER-BULL-MULTISEASON","Elk","Bull","Conservation","MDF","Boulder","boulder","System.Object[]","ALW","ALW","1","System.Object[]","71666.67","Elk","130","System.Object[]","True","Boulder Conservation Permit","True","System.Object[]","System.Object[]"
"CP-ELK-BOULDER-BULL-HUNTER-S-CHOICE","Elk","Bull","Conservation","SCI","Boulder","boulder","System.Object[]","ALW","ALW","1","System.Object[]","66666.67","Elk","129","System.Object[]","True","Boulder Conservation Permit","True","System.Object[]","System.Object[]"
"CP-ELK-BOULDER-BULL-ANY-LEGAL-WEAPON","Elk","Bull","Conservation","SFW","Boulder","boulder","System.Object[]","Any Legal Weapon","Any Legal Weapon, mid","1","System.Object[]","46500","Elk","127","System.Object[]","True","Boulder Conservation Permit","True","System.Object[]","System.Object[]"
"CP-ELK-BOULDER-BULL-ARCHERY","Elk","Bull","Conservation","SFW","Boulder","boulder","System.Object[]","Archery","Archery","1","System.Object[]","46000","Elk","128","System.Object[]","True","Boulder Conservation Permit","True","System.Object[]","System.Object[]"
"CP-ELK-BOULDER-BULL-MUZZLELOADER","Elk","Bull","Conservation","SFW","Boulder","boulder","System.Object[]","Muzzleloader","Muzzleloader","1","System.Object[]","46000","Elk","131","System.Object[]","True","Boulder Conservation Permit","True","System.Object[]","System.Object[]"
"CP-ELK-BOX-ELDER-GROUSE-CREEK-BULL-MULTISEASON","Elk","Bull","Conservation","SFW","Box Elder, Grouse Creek","box-elder-grouse-creek","System.Object[]","ALW","ALW","1","System.Object[]","13000","Elk","132","System.Object[]","True","","True","System.Object[]","System.Object[]"
"CP-ELK-BOX-ELDER-PILOT-MTN-BULL-MULTISEASON","Elk","Bull","Conservation","MDF","Box Elder, Pilot Mtn","box-elder-pilot-mtn","System.Object[]","ALW","ALW","1","System.Object[]","13000","Elk","133","System.Object[]","True","","True","System.Object[]","System.Object[]"
"CP-ELK-CACHE-ANTLERLESS-ANY-LEGAL-WEAPON","Elk","Antlerless","Conservation","NWTF","Cache","cache","System.Object[]","Any Legal Weapon","Any Legal Weapon","1","System.Object[]","800","Antlerless Elk","3","System.Object[]","True","Cache Antlerless Conservation Permit","True","System.Object[]",
"CP-ELK-CACHE-ANTLERLESS-ANY-LEGAL-WEAPON","Elk","Antlerless","Conservation","RMEF","Cache","cache","System.Object[]","Any Legal Weapon","Any Legal Weapon","2","System.Object[]","800","Antlerless Elk","1","System.Object[]","True","Cache Antlerless Conservation Permit","True","System.Object[]",
"CP-ELK-CACHE-ANTLERLESS-ANY-LEGAL-WEAPON","Elk","Antlerless","Conservation","WCF","Cache","cache","System.Object[]","Any Legal Weapon","Any Legal Weapon","1","System.Object[]","800","Antlerless Elk","2","System.Object[]","True","Cache Antlerless Conservation Permit","True","System.Object[]",
"CP-ELK-CACHE-MEADOWVILLE-BULL-ANY-LEGAL-WEAPON","Elk","Bull","Conservation","RMEF","Cache, Meadowville","cache-meadowville","System.Object[]","Any Legal Weapon","Any Legal Weapon, late","1","System.Object[]","6500","Elk","134","System.Object[]","True","Cache, Meadowville Conservation Permit","True","System.Object[]","System.Object[]"
"CP-ELK-CACHE-MEADOWVILLE-BULL-MULTISEASON","Elk","Bull","Conservation","RMEF","Cache, Meadowville","cache-meadowville","System.Object[]","ALW","ALW","1","System.Object[]","6000","Elk","136","System.Object[]","True","Cache, Meadowville Conservation Permit","True","System.Object[]","System.Object[]"
"CP-ELK-CACHE-MEADOWVILLE-BULL-HUNTER-S-CHOICE","Elk","Bull","Conservation","SCI","Cache, Meadowville","cache-meadowville","System.Object[]","ALW","ALW","1","System.Object[]","8383.33","Elk","135","System.Object[]","True","Cache, Meadowville Conservation Permit","True","System.Object[]","System.Object[]"
"CP-ELK-CACHE-SOUTH-BULL-HUNTER-S-CHOICE","Elk","Bull","Conservation","MDF","Cache, South","cache-south","System.Object[]","ALW","ALW","1","System.Object[]","27000","Elk","137","System.Object[]","True","Cache, South Conservation Permit","True","System.Object[]","System.Object[]"
"CP-ELK-CACHE-SOUTH-BULL-MULTISEASON","Elk","Bull","Conservation","SFW","Cache, South","cache-south","System.Object[]","ALW","ALW","1","System.Object[]","23000","Elk","138","System.Object[]","True","Cache, South Conservation Permit","True","System.Object[]","System.Object[]"
"CP-ELK-DIAMOND-MTN-BULL-ANY-LEGAL-WEAPON","Elk","Bull","Conservation","MDF","Diamond Mtn","diamond-mtn","System.Object[]","Any Legal Weapon","Any Legal Weapon, late","1","System.Object[]","17000","Elk","139","System.Object[]","True","Diamond Mtn Conservation Permit","True","System.Object[]","System.Object[]"
"CP-ELK-DIAMOND-MTN-BULL-ARCHERY","Elk","Bull","Conservation","MDF","Diamond Mtn","diamond-mtn","System.Object[]","Archery","Archery","1","System.Object[]","13000","Elk","141","System.Object[]","True","Diamond Mtn Conservation Permit","True","System.Object[]","System.Object[]"
"CP-ELK-DIAMOND-MTN-BULL-HUNTER-S-CHOICE","Elk","Bull","Conservation","MDF","Diamond Mtn","diamond-mtn","System.Object[]","ALW","ALW","1","System.Object[]","21166.67","Elk","142","System.Object[]","True","Diamond Mtn Conservation Permit","True","System.Object[]","System.Object[]"
"CP-ELK-DIAMOND-MTN-BULL-MULTISEASON","Elk","Bull","Conservation","NWTF","Diamond Mtn","diamond-mtn","System.Object[]","ALW","ALW","1","System.Object[]","24500","Elk","143","System.Object[]","True","Diamond Mtn Conservation Permit","True","System.Object[]","System.Object[]"
"CP-ELK-DIAMOND-MTN-BULL-ANY-LEGAL-WEAPON","Elk","Bull","Conservation","RMEF","Diamond Mtn","diamond-mtn","System.Object[]","Any Legal Weapon","Any Legal Weapon, mid","1","System.Object[]","15000","Elk","140","System.Object[]","True","Diamond Mtn Conservation Permit","True","System.Object[]","System.Object[]"
"CP-ELK-FILLMORE-PAHVANT-BULL-MULTISEASON","Elk","Bull","Conservation","MDF","Fillmore, Pahvant","fillmore-pahvant","System.Object[]","ALW","ALW","1","System.Object[]","45666.67","Elk","147","System.Object[]","True","Fillmore, Pahvant Conservation Permit","True","System.Object[]","System.Object[]"
"CP-ELK-FILLMORE-PAHVANT-BULL-ANY-LEGAL-WEAPON","Elk","Bull","Conservation","RMEF","Fillmore, Pahvant","fillmore-pahvant","System.Object[]","Any Legal Weapon","Any Legal Weapon, late","1","System.Object[]","29000","Elk","144","System.Object[]","True","Fillmore, Pahvant Conservation Permit","True","System.Object[]","System.Object[]"
"CP-ELK-FILLMORE-PAHVANT-BULL-ARCHERY","Elk","Bull","Conservation","SFW","Fillmore, Pahvant","fillmore-pahvant","System.Object[]","Archery","Archery","1","System.Object[]","22000","Elk","145","System.Object[]","True","Fillmore, Pahvant Conservation Permit","True","System.Object[]","System.Object[]"
"CP-ELK-FILLMORE-PAHVANT-BULL-HUNTER-S-CHOICE","Elk","Bull","Conservation","SFW","Fillmore, Pahvant","fillmore-pahvant","System.Object[]","ALW","ALW","1","System.Object[]","36416.67","Elk","146","System.Object[]","True","Fillmore, Pahvant Conservation Permit","True","System.Object[]","System.Object[]"
"CP-ELK-FISHLAKE-ANTLERLESS-ANY-LEGAL-WEAPON","Elk","Antlerless","Conservation","SCI","Fishlake","fishlake","System.Object[]","Any Legal Weapon","Any Legal Weapon","1","System.Object[]","2279.17","Antlerless Elk","5","System.Object[]","True","Fishlake Antlerless Conservation Permit","True","System.Object[]",
"CP-ELK-FISHLAKE-ANTLERLESS-ANY-LEGAL-WEAPON","Elk","Antlerless","Conservation","SFW","Fishlake","fishlake","System.Object[]","Any Legal Weapon","Any Legal Weapon","3","System.Object[]","2279.17","Antlerless Elk","6","System.Object[]","True","Fishlake Antlerless Conservation Permit","True","System.Object[]",
"CP-ELK-FISHLAKE-THOUSAND-LAKES-BULL-MULTISEASON","Elk","Bull","Conservation","MDF","Fishlake/Thousand Lakes","fishlake-thousand-lakes","System.Object[]","ALW","ALW","1","System.Object[]","34750","Elk","154","System.Object[]","True","Fishlake/Thousand Lakes Conservation Permit","True","System.Object[]","System.Object[]"
"CP-ELK-FISHLAKE-THOUSAND-LAKES-BULL-MUZZLELOADER","Elk","Bull","Conservation","MDF","Fishlake/Thousand Lakes","fishlake-thousand-lakes","System.Object[]","Muzzleloader","Muzzleloader","1","System.Object[]","18666.67","Elk","155","System.Object[]","True","Fishlake/Thousand Lakes Conservation Permit","True","System.Object[]","System.Object[]"
"CP-ELK-FISHLAKE-THOUSAND-LAKES-BULL-HUNTER-S-CHOICE","Elk","Bull","Conservation","RMEF","Fishlake/Thousand Lakes","fishlake-thousand-lakes","System.Object[]","ALW","ALW","1","System.Object[]","26625","Elk","152","System.Object[]","True","Fishlake/Thousand Lakes Conservation Permit","True","System.Object[]","System.Object[]"
"CP-ELK-FISHLAKE-THOUSAND-LAKES-BULL-MULTISEASON","Elk","Bull","Conservation","SCI","Fishlake/Thousand Lakes","fishlake-thousand-lakes","System.Object[]","ALW","ALW","1","System.Object[]","34750","Elk","153","System.Object[]","True","Fishlake/Thousand Lakes Conservation Permit","True","System.Object[]","System.Object[]"
"CP-ELK-FISHLAKE-THOUSAND-LAKES-BULL-ANY-LEGAL-WEAPON","Elk","Bull","Conservation","SFW","Fishlake/Thousand Lakes","fishlake-thousand-lakes","System.Object[]","Any Legal Weapon","System.Object[]","2","System.Object[]","20000","Elk","148","System.Object[]","True","Fishlake/Thousand Lakes Conservation Permit","True","System.Object[]","System.Object[]"
"CP-ELK-FISHLAKE-THOUSAND-LAKES-BULL-HUNTER-S-CHOICE","Elk","Bull","Conservation","SFW","Fishlake/Thousand Lakes","fishlake-thousand-lakes","System.Object[]","ALW","ALW","1","System.Object[]","26625","Elk","151","System.Object[]","True","Fishlake/Thousand Lakes Conservation Permit","True","System.Object[]","System.Object[]"
"CP-ELK-FISHLAKE-THOUSAND-LAKES-BULL-ARCHERY","Elk","Bull","Conservation","UAA","Fishlake/Thousand Lakes","fishlake-thousand-lakes","System.Object[]","Archery","Archery","1","System.Object[]","15500","Elk","150","System.Object[]","True","Fishlake/Thousand Lakes Conservation Permit","True","System.Object[]","System.Object[]"
"CP-ELK-LA-SAL-ANTLERLESS-ANY-LEGAL-WEAPON","Elk","Antlerless","Conservation","NWTF","La Sal","la-sal","System.Object[]","Any Legal Weapon","Any Legal Weapon","1","System.Object[]","800","Antlerless Elk","9","System.Object[]","True","La Sal Antlerless Conservation Permit","True","System.Object[]",
"CP-ELK-LA-SAL-ANTLERLESS-ANY-LEGAL-WEAPON","Elk","Antlerless","Conservation","UAA","La Sal","la-sal","System.Object[]","Any Legal Weapon","Any Legal Weapon","1","System.Object[]","800","Antlerless Elk","10","System.Object[]","True","La Sal Antlerless Conservation Permit","True","System.Object[]",
"CP-ELK-LA-SAL-ANTLERLESS-ANY-LEGAL-WEAPON","Elk","Antlerless","Conservation","WCF","La Sal","la-sal","System.Object[]","Any Legal Weapon","Any Legal Weapon","2","System.Object[]","800","Antlerless Elk","11","System.Object[]","True","La Sal Antlerless Conservation Permit","True","System.Object[]",
"CP-ELK-LA-SAL-LA-SAL-MTNS-BULL-ARCHERY","Elk","Bull","Conservation","MDF","La Sal, La Sal Mtns","la-sal-la-sal-mtns","System.Object[]","Archery","Archery","1","System.Object[]","15266.67","Elk","158","System.Object[]","True","La Sal, La Sal Mtns Conservation Permit","True","System.Object[]","System.Object[]"
"CP-ELK-LA-SAL-LA-SAL-MTNS-BULL-HUNTER-S-CHOICE","Elk","Bull","Conservation","MDF","La Sal, La Sal Mtns","la-sal-la-sal-mtns","System.Object[]","ALW","ALW","2","System.Object[]","19000","Elk","159","System.Object[]","True","La Sal, La Sal Mtns Conservation Permit","True","System.Object[]","System.Object[]"
"CP-ELK-LA-SAL-LA-SAL-MTNS-BULL-MULTISEASON","Elk","Bull","Conservation","MDF","La Sal, La Sal Mtns","la-sal-la-sal-mtns","System.Object[]","ALW","ALW","1","System.Object[]","20833.33","Elk","161","System.Object[]","True","La Sal, La Sal Mtns Conservation Permit","True","System.Object[]","System.Object[]"
"CP-ELK-LA-SAL-LA-SAL-MTNS-BULL-ANY-LEGAL-WEAPON","Elk","Bull","Conservation","RMEF","La Sal, La Sal Mtns","la-sal-la-sal-mtns","System.Object[]","Any Legal Weapon","Any Legal Weapon, late","1","System.Object[]","15000","Elk","156","System.Object[]","True","La Sal, La Sal Mtns Conservation Permit","True","System.Object[]","System.Object[]"
"CP-ELK-LA-SAL-LA-SAL-MTNS-BULL-MULTISEASON","Elk","Bull","Conservation","RMEF","La Sal, La Sal Mtns","la-sal-la-sal-mtns","System.Object[]","ALW","ALW","1","System.Object[]","20833.33","Elk","162","System.Object[]","True","La Sal, La Sal Mtns Conservation Permit","True","System.Object[]","System.Object[]"
"CP-ELK-LA-SAL-LA-SAL-MTNS-BULL-ANY-LEGAL-WEAPON","Elk","Bull","Conservation","SFW","La Sal, La Sal Mtns","la-sal-la-sal-mtns","System.Object[]","Any Legal Weapon","Any Legal Weapon, mid","1","System.Object[]","13500","Elk","157","System.Object[]","True","La Sal, La Sal Mtns Conservation Permit","True","System.Object[]","System.Object[]"
"CP-ELK-LA-SAL-LA-SAL-MTNS-BULL-MUZZLELOADER","Elk","Bull","Conservation","SFW","La Sal, La Sal Mtns","la-sal-la-sal-mtns","System.Object[]","Muzzleloader","Muzzleloader","1","System.Object[]","16000","Elk","163","System.Object[]","True","La Sal, La Sal Mtns Conservation Permit","True","System.Object[]","System.Object[]"
"CP-ELK-MANTI-ANTLERLESS-ANY-LEGAL-WEAPON","Elk","Antlerless","Conservation","MDF","Manti","manti","System.Object[]","Any Legal Weapon","Any Legal Weapon","1","System.Object[]","2108.33","Antlerless Elk","14","System.Object[]","True","Manti Antlerless Conservation Permit","True","System.Object[]",
"CP-ELK-MANTI-BULL-ANY-LEGAL-WEAPON","Elk","Bull","Conservation","MDF","Manti","manti","System.Object[]","Any Legal Weapon","Any Legal Weapon, late","1","System.Object[]","28000","Elk","164","System.Object[]","True","Manti Conservation Permit","True","System.Object[]","System.Object[]"
"CP-ELK-MANTI-BULL-HUNTER-S-CHOICE","Elk","Bull","Conservation","MDF","Manti","manti","System.Object[]","ALW","ALW","1","System.Object[]","34875","Elk","168","System.Object[]","True","Manti Conservation Permit","True","System.Object[]","System.Object[]"
"CP-ELK-MANTI-BULL-MUZZLELOADER","Elk","Bull","Conservation","MDF","Manti","manti","System.Object[]","Muzzleloader","Muzzleloader","1","System.Object[]","22000","Elk","171","System.Object[]","True","Manti Conservation Permit","True","System.Object[]","System.Object[]"
"CP-ELK-MANTI-BULL-MULTISEASON","Elk","Bull","Conservation","NWTF","Manti","manti","System.Object[]","ALW","ALW","1","System.Object[]","45000","Elk","169","System.Object[]","True","Manti Conservation Permit","True","System.Object[]","System.Object[]"
"CP-ELK-MANTI-BULL-MULTISEASON","Elk","Bull","Conservation","RMEF","Manti","manti","System.Object[]","ALW","ALW","1","System.Object[]","45000","Elk","170","System.Object[]","True","Manti Conservation Permit","True","System.Object[]","System.Object[]"
"CP-ELK-MANTI-ANTLERLESS-ANY-LEGAL-WEAPON","Elk","Antlerless","Conservation","SFW","Manti","manti","System.Object[]","Any Legal Weapon","Any Legal Weapon","3","System.Object[]","2108.33","Antlerless Elk","13","System.Object[]","True","Manti Antlerless Conservation Permit","True","System.Object[]",
"CP-ELK-MANTI-BULL-ANY-LEGAL-WEAPON","Elk","Bull","Conservation","SFW","Manti","manti","System.Object[]","Any Legal Weapon","Any Legal Weapon, mid","1","System.Object[]","24500","Elk","165","System.Object[]","True","Manti Conservation Permit","True","System.Object[]","System.Object[]"
"CP-ELK-MANTI-BULL-ARCHERY","Elk","Bull","Conservation","SFW","Manti","manti","System.Object[]","Archery","Archery","1","System.Object[]","21033.33","Elk","166","System.Object[]","True","Manti Conservation Permit","True","System.Object[]","System.Object[]"
"CP-ELK-MANTI-BULL-HUNTER-S-CHOICE","Elk","Bull","Conservation","UWSF","Manti","manti","System.Object[]","ALW","ALW","1","System.Object[]","34875","Elk","167","System.Object[]","True","Manti Conservation Permit","True","System.Object[]","System.Object[]"
"CP-ELK-MONROE-BULL-HUNTER-S-CHOICE","Elk","Bull","Conservation","MDF","Monroe","monroe","System.Object[]","ALW","ALW","1","System.Object[]","65000","Elk","174","System.Object[]","True","Monroe Conservation Permit","True","System.Object[]","System.Object[]"
"CP-ELK-MONROE-BULL-MULTISEASON","Elk","Bull","Conservation","RMEF","Monroe","monroe","System.Object[]","ALW","ALW","1","System.Object[]","70333.33","Elk","175","System.Object[]","True","Monroe Conservation Permit","True","System.Object[]","System.Object[]"
"CP-ELK-MONROE-BULL-ANY-LEGAL-WEAPON","Elk","Bull","Conservation","SCI","Monroe","monroe","System.Object[]","Any Legal Weapon","Any Legal Weapon, late","1","System.Object[]","52000","Elk","172","System.Object[]","True","Monroe Conservation Permit","True","System.Object[]","System.Object[]"
"CP-ELK-MONROE-BULL-ARCHERY","Elk","Bull","Conservation","SFW","Monroe","monroe","System.Object[]","Archery","Archery","1","System.Object[]","39000","Elk","173","System.Object[]","True","Monroe Conservation Permit","True","System.Object[]","System.Object[]"
"CP-ELK-MT-DUTTON-BULL-ARCHERY","Elk","Bull","Conservation","MDF","Mt Dutton","mt-dutton","System.Object[]","Archery","Archery","1","System.Object[]","29000","Elk","177","System.Object[]","True","","True","System.Object[]","System.Object[]"
"CP-ELK-MT-DUTTON-BULL-MULTISEASON","Elk","Bull","Conservation","MDF","Mt Dutton","mt-dutton","System.Object[]","ALW","ALW","1","System.Object[]","62500","Elk","179","System.Object[]","True","","True","System.Object[]","System.Object[]"
"CP-ELK-MT-DUTTON-BULL-ANY-LEGAL-WEAPON","Elk","Bull","Conservation","RMEF","Mt Dutton","mt-dutton","System.Object[]","Any Legal Weapon","Any Legal Weapon, late","1","System.Object[]","38500","Elk","176","System.Object[]","True","","True","System.Object[]","System.Object[]"
"CP-ELK-MT-DUTTON-BULL-HUNTER-S-CHOICE","Elk","Bull","Conservation","SFW","Mt Dutton","mt-dutton","System.Object[]","ALW","ALW","1","System.Object[]","48250","Elk","178","System.Object[]","True","","True","System.Object[]","System.Object[]"
"CP-ELK-NEBO-SAN-PITCH-MTNS-BULL-HUNTER-S-CHOICE","Elk","Bull","Conservation","MDF","Nebo/San Pitch Mtns","nebo-san-pitch-mtns","System.Object[]","ALW","ALW","1","System.Object[]","35500","Elk","182","System.Object[]","True","","True","System.Object[]","System.Object[]"
"CP-ELK-NEBO-SAN-PITCH-MTNS-BULL-MULTISEASON","Elk","Bull","Conservation","NWTF","Nebo/San Pitch Mtns","nebo-san-pitch-mtns","System.Object[]","ALW","ALW","1","System.Object[]","41666.67","Elk","183","System.Object[]","True","","True","System.Object[]","System.Object[]"
"CP-ELK-NEBO-SAN-PITCH-MTNS-BULL-ANY-LEGAL-WEAPON","Elk","Bull","Conservation","SFW","Nebo/San Pitch Mtns","nebo-san-pitch-mtns","System.Object[]","Any Legal Weapon","Any Legal Weapon, late","1","System.Object[]","28500","Elk","180","System.Object[]","True","","True","System.Object[]","System.Object[]"
"CP-ELK-NEBO-SAN-PITCH-MTNS-BULL-ARCHERY","Elk","Bull","Conservation","SFW","Nebo/San Pitch Mtns","nebo-san-pitch-mtns","System.Object[]","Archery","Archery","1","System.Object[]","21500","Elk","181","System.Object[]","True","","True","System.Object[]","System.Object[]"
"CP-ELK-NORTH-SLOPE-THREE-CORNERS-BULL-MULTISEASON","Elk","Bull","Conservation","NWTF","North Slope, Three Corners","north-slope-three-corners","System.Object[]","ALW","ALW","1","System.Object[]","17666.67","Elk","184","System.Object[]","True","","True","System.Object[]","System.Object[]"
"CP-ELK-PANGUITCH-LAKE-BULL-ANY-LEGAL-WEAPON","Elk","Bull","Conservation","MDF","Panguitch Lake","panguitch-lake","System.Object[]","Any Legal Weapon","Any Legal Weapon, late","1","System.Object[]","48500","Elk","185","System.Object[]","True","","True","System.Object[]","System.Object[]"
"CP-ELK-PANGUITCH-LAKE-BULL-MULTISEASON","Elk","Bull","Conservation","MDF","Panguitch Lake","panguitch-lake","System.Object[]","ALW","ALW","1","System.Object[]","80666.67","Elk","187","System.Object[]","True","","True","System.Object[]","System.Object[]"
"CP-ELK-PANGUITCH-LAKE-BULL-HUNTER-S-CHOICE","Elk","Bull","Conservation","SFW","Panguitch Lake","panguitch-lake","System.Object[]","ALW","ALW","1","System.Object[]","60833.33","Elk","186","System.Object[]","True","","True","System.Object[]","System.Object[]"
"CP-ELK-SAN-JUAN-BULL-ELK-BULL-ARCHERY","Elk","Bull","Conservation","MDF","San Juan Bull Elk","san-juan-bull-elk","System.Object[]","Archery","Archery","1","System.Object[]","40166.67","Elk","190","System.Object[]","True","","True","System.Object[]","System.Object[]"
"CP-ELK-SAN-JUAN-BULL-ELK-BULL-HUNTER-S-CHOICE","Elk","Bull","Conservation","MDF","San Juan Bull Elk","san-juan-bull-elk","System.Object[]","ALW","ALW","1","System.Object[]","66250","Elk","191","System.Object[]","True","","True","System.Object[]","System.Object[]"
"CP-ELK-SAN-JUAN-BULL-ELK-BULL-ANY-LEGAL-WEAPON","Elk","Bull","Conservation","RMEF","San Juan Bull Elk","san-juan-bull-elk","System.Object[]","Any Legal Weapon","Any Legal Weapon, late","1","System.Object[]","53000","Elk","188","System.Object[]","True","","True","System.Object[]","System.Object[]"
"CP-ELK-SAN-JUAN-BULL-ELK-BULL-MULTISEASON","Elk","Bull","Conservation","RMEF","San Juan Bull Elk","san-juan-bull-elk","System.Object[]","ALW","ALW","1","System.Object[]","64000","Elk","192","System.Object[]","True","","True","System.Object[]","System.Object[]"
"CP-ELK-SAN-JUAN-BULL-ELK-BULL-ANY-LEGAL-WEAPON","Elk","Bull","Conservation","SFW","San Juan Bull Elk","san-juan-bull-elk","System.Object[]","Any Legal Weapon","Any Legal Weapon, mid","1","System.Object[]","46500","Elk","189","System.Object[]","True","","True","System.Object[]","System.Object[]"
"CP-ELK-SOUTHWEST-DESERT-SOUTH-BULL-ANY-LEGAL-WEAPON","Elk","Bull","Conservation","MDF","Southwest Desert, South","southwest-desert-south","System.Object[]","Any Legal Weapon","Any Legal Weapon, late","1","System.Object[]","22500","Elk","193","System.Object[]","True","Southwest Desert, South Conservation Permit","True","System.Object[]","System.Object[]"
"CP-ELK-SOUTHWEST-DESERT-SOUTH-BULL-MULTISEASON","Elk","Bull","Conservation","MDF","Southwest Desert, South","southwest-desert-south","System.Object[]","ALW","ALW","1","System.Object[]","38583.33","Elk","198","System.Object[]","True","Southwest Desert, South Conservation Permit","True","System.Object[]","System.Object[]"
"CP-ELK-SOUTHWEST-DESERT-SOUTH-BULL-MULTISEASON","Elk","Bull","Conservation","RMEF","Southwest Desert, South","southwest-desert-south","System.Object[]","ALW","ALW","1","System.Object[]","38583.33","Elk","197","System.Object[]","True","Southwest Desert, South Conservation Permit","True","System.Object[]","System.Object[]"
"CP-ELK-SOUTHWEST-DESERT-SOUTH-BULL-MUZZLELOADER","Elk","Bull","Conservation","RMEF","Southwest Desert, South","southwest-desert-south","System.Object[]","Muzzleloader","Muzzleloader","1","System.Object[]","23983.33","Elk","199","System.Object[]","True","Southwest Desert, South Conservation Permit","True","System.Object[]","System.Object[]"
"CP-ELK-SOUTHWEST-DESERT-SOUTH-BULL-ANY-LEGAL-WEAPON","Elk","Bull","Conservation","SFW","Southwest Desert, South","southwest-desert-south","System.Object[]","Any Legal Weapon","Any Legal Weapon, mid","1","System.Object[]","20000","Elk","194","System.Object[]","True","Southwest Desert, South Conservation Permit","True","System.Object[]","System.Object[]"
"CP-ELK-SOUTHWEST-DESERT-SOUTH-BULL-HUNTER-S-CHOICE","Elk","Bull","Conservation","SFW","Southwest Desert, South","southwest-desert-south","System.Object[]","ALW","ALW","1","System.Object[]","28333.33","Elk","196","System.Object[]","True","Southwest Desert, South Conservation Permit","True","System.Object[]","System.Object[]"
"CP-ELK-SOUTHWEST-DESERT-SOUTH-BULL-ARCHERY","Elk","Bull","Conservation","UAA","Southwest Desert, South","southwest-desert-south","System.Object[]","Archery","Archery","1","System.Object[]","20166.67","Elk","195","System.Object[]","True","Southwest Desert, South Conservation Permit","True","System.Object[]","System.Object[]"
"CP-ELK-STATEWIDE-BULL-ANY-LEGAL-WEAPON","Elk","Bull","Conservation","SFW","Statewide","statewide","System.Object[]","Any Legal Weapon",,"1","System.Object[]","195000","Elk","208","System.Object[]","True","Statewide Elk Conservation Permit","True","System.Object[]",
"CP-ELK-WASATCH-MTNS-ANTLERLESS-ANY-LEGAL-WEAPON","Elk","Antlerless","Conservation","MDF","Wasatch Mtns","wasatch-mtns","System.Object[]","Any Legal Weapon","Any Legal Weapon","1","System.Object[]","2237.5","Antlerless Elk","18","System.Object[]","True","Wasatch Mtns Antlerless Conservation Permit","True","System.Object[]",
"CP-ELK-WASATCH-MTNS-BULL-MULTISEASON","Elk","Bull","Conservation","MDF","Wasatch Mtns","wasatch-mtns","System.Object[]","ALW","ALW","1","System.Object[]","33583.33","Elk","206","System.Object[]","True","Wasatch Mtns Conservation Permit","True","System.Object[]","System.Object[]"
"CP-ELK-WASATCH-MTNS-BULL-MUZZLELOADER","Elk","Bull","Conservation","MDF","Wasatch Mtns","wasatch-mtns","System.Object[]","Muzzleloader","Muzzleloader","1","System.Object[]","20166.67","Elk","207","System.Object[]","True","Wasatch Mtns Conservation Permit","True","System.Object[]","System.Object[]"
"CP-ELK-WASATCH-MTNS-ANTLERLESS-ANY-LEGAL-WEAPON","Elk","Antlerless","Conservation","RMEF","Wasatch Mtns","wasatch-mtns","System.Object[]","Any Legal Weapon","Any Legal Weapon","1","System.Object[]","2237.5","Antlerless Elk","17","System.Object[]","True","Wasatch Mtns Antlerless Conservation Permit","True","System.Object[]",
"CP-ELK-WASATCH-MTNS-BULL-ANY-LEGAL-WEAPON","Elk","Bull","Conservation","RMEF","Wasatch Mtns","wasatch-mtns","System.Object[]","Any Legal Weapon","Any Legal Weapon, late","1","System.Object[]","22500","Elk","200","System.Object[]","True","Wasatch Mtns Conservation Permit","True","System.Object[]","System.Object[]"
"CP-ELK-WASATCH-MTNS-BULL-MULTISEASON","Elk","Bull","Conservation","RMEF","Wasatch Mtns","wasatch-mtns","System.Object[]","ALW","ALW","1","System.Object[]","33583.33","Elk","205","System.Object[]","True","Wasatch Mtns Conservation Permit","True","System.Object[]","System.Object[]"
"CP-ELK-WASATCH-MTNS-ANTLERLESS-ANY-LEGAL-WEAPON","Elk","Antlerless","Conservation","SFW","Wasatch Mtns","wasatch-mtns","System.Object[]","Any Legal Weapon","Any Legal Weapon","2","System.Object[]","2237.5","Antlerless Elk","19","System.Object[]","True","Wasatch Mtns Antlerless Conservation Permit","True","System.Object[]",
"CP-ELK-WASATCH-MTNS-BULL-ANY-LEGAL-WEAPON","Elk","Bull","Conservation","SFW","Wasatch Mtns","wasatch-mtns","System.Object[]","Any Legal Weapon","Any Legal Weapon, mid","1","System.Object[]","20000","Elk","201","System.Object[]","True","Wasatch Mtns Conservation Permit","True","System.Object[]","System.Object[]"
"CP-ELK-WASATCH-MTNS-BULL-HUNTER-S-CHOICE","Elk","Bull","Conservation","SFW","Wasatch Mtns","wasatch-mtns","System.Object[]","ALW","ALW","2","System.Object[]","28291.67","Elk","203","System.Object[]","True","Wasatch Mtns Conservation Permit","True","System.Object[]","System.Object[]"
"CP-ELK-WASATCH-MTNS-BULL-ARCHERY","Elk","Bull","Conservation","WCF","Wasatch Mtns","wasatch-mtns","System.Object[]","Archery","Archery","1","System.Object[]","8416.67","Elk","202","System.Object[]","True","Wasatch Mtns Conservation Permit","True","System.Object[]","System.Object[]"
"CP-MOOSE-CACHE-BULL-ANY-LEGAL-WEAPON","Moose","Bull","Conservation","UCWF","Cache","cache","System.Object[]","Any Legal Weapon","Any Legal Weapon","1","System.Object[]","44666.67","Moose","209","System.Object[]","True","","True","System.Object[]","System.Object[]"
"CP-MOOSE-NORTH-SLOPE-SUMMIT-BULL-ANY-LEGAL-WEAPON","Moose","Bull","Conservation","SCI","North Slope, Summit","north-slope-summit","System.Object[]","Any Legal Weapon","Any Legal Weapon","1","System.Object[]","32666.67","Moose","210","System.Object[]","True","","True","System.Object[]","System.Object[]"
"CP-MOOSE-NORTH-SLOPE-SUMMIT-BULL-ANY-LEGAL-WEAPON","Moose","Bull","Conservation","SFW","North Slope, Summit","north-slope-summit","System.Object[]","Any Legal Weapon","Any Legal Weapon","1","System.Object[]","32666.67","Moose","211","System.Object[]","True","","True","System.Object[]","System.Object[]"
"CP-MOOSE-STATEWIDE-BULL-ANY-LEGAL-WEAPON","Moose","Bull","Conservation","RMEF","Statewide","statewide","System.Object[]","Any Legal Weapon",,"1","System.Object[]","64000","Moose","213","System.Object[]","True","Statewide Moose Conservation","True","System.Object[]","System.Object[]"
"CP-MOOSE-WASATCH-MTNS-CENTRAL-MTNS-BULL-ANY-LEGAL-WEAPON","Moose","Bull","Conservation","NWTF","Wasatch Mtns/Central Mtns","wasatch-mtns-central-mtns","System.Object[]","Any Legal Weapon","Any Legal Weapon","1","System.Object[]","35541.67","Moose","212","System.Object[]","True","","True","System.Object[]","System.Object[]"
"CP-MOUNTAIN-GOAT-BEAVER-EARLY-HUNTER-S-CHOICE-ANY-LEGAL-WEAPON","Mountain Goat","Hunter's Choice","Conservation","UWSF","Beaver (early)","beaver-early","System.Object[]","Any Legal Weapon","Any Legal Weapon, early","1","System.Object[]","32000","Mountain Goat","214","System.Object[]","True","","True","System.Object[]",
"CP-MOUNTAIN-GOAT-HIGH-UINTAS-WEST-HUNTER-S-CHOICE-ANY-LEGAL-WEAPON","Mountain Goat","Hunter's Choice","Conservation","RMEF","High Uintas West","high-uintas-west","System.Object[]","Any Legal Weapon","Any Legal Weapon","1","System.Object[]","31000","Mountain Goat","215","System.Object[]","True","","True","System.Object[]",
"CP-MOUNTAIN-GOAT-LA-SAL-LA-SAL-MTNS-HUNTER-S-CHOICE-ANY-LEGAL-WEAPON","Mountain Goat","Hunter's Choice","Conservation","SFW","La Sal, La Sal Mtns","la-sal-la-sal-mtns","System.Object[]","Any Legal Weapon","Any Legal Weapon","1","System.Object[]","22666.67","Mountain Goat","216","System.Object[]","True","","True","System.Object[]",
"CP-MOUNTAIN-GOAT-NEBO-HUNTER-S-CHOICE-ARCHERY","Mountain Goat","Hunter's Choice","Conservation","UAA","Nebo","nebo","System.Object[]","Archery","Archery","1","System.Object[]","16000","Mountain Goat","218","System.Object[]","True","","True","System.Object[]",
"CP-MOUNTAIN-GOAT-NEBO-HUNTER-S-CHOICE-ANY-LEGAL-WEAPON","Mountain Goat","Hunter's Choice","Conservation","UWSF","Nebo","nebo","System.Object[]","Any Legal Weapon","Any Legal Weapon","1","System.Object[]","22666.67","Mountain Goat","217","System.Object[]","True","","True","System.Object[]",
"CP-MOUNTAIN-GOAT-STATEWIDE-HUNTER-S-CHOICE-ANY-LEGAL-WEAPON","Mountain Goat","Hunter's Choice","Conservation","SFW","Statewide","statewide","System.Object[]","Any Legal Weapon",,"1","System.Object[]","59166.67","Mountain Goat","220","System.Object[]","True","Statewide Mountain Goat Conservation","True","System.Object[]","System.Object[]"
"CP-MOUNTAIN-GOAT-WASATCH-MTNS-TIMPANOGOS-HUNTER-S-CHOICE-ANY-LEGAL-WEAPON","Mountain Goat","Hunter's Choice","Conservation","SCI","Wasatch Mtns, Timpanogos","wasatch-mtns-timpanogos","System.Object[]","Any Legal Weapon","Any Legal Weapon","1","System.Object[]","21666.67","Mountain Goat","219","System.Object[]","True","","True","System.Object[]",
"CP-PRONGHORN-BEAVER-BUCK-HUNTER-S-CHOICE","Pronghorn","Buck","Conservation","SFW","Beaver","beaver","System.Object[]","ALW","ALW","1","System.Object[]","5641.67","Pronghorn","222","System.Object[]","True","","True","System.Object[]","System.Object[]"
"CP-PRONGHORN-BEAVER-BUCK-HUNTER-S-CHOICE","Pronghorn","Buck","Conservation","UAA","Beaver","beaver","System.Object[]","ALW","ALW","1","System.Object[]","5641.67","Pronghorn","221","System.Object[]","True","","True","System.Object[]","System.Object[]"
"CP-PRONGHORN-BOOK-CLIFFS-BITTER-CREEK-BUCK-ANY-LEGAL-WEAPON","Pronghorn","Buck","Conservation","DSC","Book Cliffs, Bitter Creek","book-cliffs-bitter-creek","System.Object[]","Any Legal Weapon","Any Legal Weapon","1","System.Object[]","3275","Pronghorn","223","System.Object[]","True","","True","System.Object[]","System.Object[]"
"CP-PRONGHORN-BOOK-CLIFFS-BITTER-CREEK-BUCK-ANY-LEGAL-WEAPON","Pronghorn","Buck","Conservation","MDF","Book Cliffs, Bitter Creek","book-cliffs-bitter-creek","System.Object[]","Any Legal Weapon","Any Legal Weapon","1","System.Object[]","3275","Pronghorn","225","System.Object[]","True","","True","System.Object[]","System.Object[]"
"CP-PRONGHORN-BOOK-CLIFFS-BITTER-CREEK-BUCK-ANY-LEGAL-WEAPON","Pronghorn","Buck","Conservation","SFW","Book Cliffs, Bitter Creek","book-cliffs-bitter-creek","System.Object[]","Any Legal Weapon","Any Legal Weapon","1","System.Object[]","3275","Pronghorn","224","System.Object[]","True","","True","System.Object[]","System.Object[]"
"CP-PRONGHORN-BOOK-CLIFFS-SOUTH-BUCK-ANY-LEGAL-WEAPON","Pronghorn","Buck","Conservation","MDF","Book Cliffs, South","book-cliffs-south","System.Object[]","Any Legal Weapon","Any Legal Weapon","1","System.Object[]","4833.33","Pronghorn","227","System.Object[]","True","","True","System.Object[]","System.Object[]"
"CP-PRONGHORN-BOOK-CLIFFS-SOUTH-BUCK-ANY-LEGAL-WEAPON","Pronghorn","Buck","Conservation","NWTF","Book Cliffs, South","book-cliffs-south","System.Object[]","Any Legal Weapon","Any Legal Weapon","1","System.Object[]","4833.33","Pronghorn","226","System.Object[]","True","","True","System.Object[]","System.Object[]"
"CP-PRONGHORN-BOX-ELDER-PROMONTORY-BUCK-ANY-LEGAL-WEAPON","Pronghorn","Buck","Conservation","MDF","Box Elder, Promontory","box-elder-promontory","System.Object[]","Any Legal Weapon","Any Legal Weapon","1","System.Object[]","3833.33","Pronghorn","228","System.Object[]","True","","True","System.Object[]","System.Object[]"
"CP-PRONGHORN-BOX-ELDER-PUDDLE-VALLEY-BUCK-ANY-LEGAL-WEAPON","Pronghorn","Buck","Conservation","SFW","Box Elder, Puddle Valley","box-elder-puddle-valley","System.Object[]","Any Legal Weapon","Any Legal Weapon","1","System.Object[]","4916.67","Pronghorn","229","System.Object[]","True","","True","System.Object[]","System.Object[]"
"CP-PRONGHORN-BOX-ELDER-SNOWVILLE-BUCK-ANY-LEGAL-WEAPON","Pronghorn","Buck","Conservation","SFW","Box Elder, Snowville","box-elder-snowville","System.Object[]","Any Legal Weapon","Any Legal Weapon","2","System.Object[]","2858.33","Pronghorn","230","System.Object[]","True","","True","System.Object[]","System.Object[]"
"CP-PRONGHORN-BOX-ELDER-WEST-BUCK-ANY-LEGAL-WEAPON","Pronghorn","Buck","Conservation","SFW","Box Elder, West","box-elder-west","System.Object[]","Any Legal Weapon","Any Legal Weapon","1","System.Object[]","2758.33","Pronghorn","233","System.Object[]","True","","True","System.Object[]","System.Object[]"
"CP-PRONGHORN-BOX-ELDER-WEST-BUCK-ANY-LEGAL-WEAPON","Pronghorn","Buck","Conservation","UHA","Box Elder, West","box-elder-west","System.Object[]","Any Legal Weapon","Any Legal Weapon","1","System.Object[]","2758.33","Pronghorn","232","System.Object[]","True","","True","System.Object[]","System.Object[]"
"CP-PRONGHORN-FILLMORE-OAK-CREEK-SOUTH-BUCK-ANY-LEGAL-WEAPON","Pronghorn","Buck","Conservation","MDF","Fillmore, Oak Creek South","fillmore-oak-creek-south","System.Object[]","Any Legal Weapon","Any Legal Weapon","1","System.Object[]","10833.33","Pronghorn","236","System.Object[]","True","","True","System.Object[]","System.Object[]"
"CP-PRONGHORN-FILLMORE-OAK-CREEK-SOUTH-BUCK-ANY-LEGAL-WEAPON","Pronghorn","Buck","Conservation","NWTF","Fillmore, Oak Creek South","fillmore-oak-creek-south","System.Object[]","Any Legal Weapon","Any Legal Weapon","1","System.Object[]","10833.33","Pronghorn","234","System.Object[]","True","","True","System.Object[]","System.Object[]"
"CP-PRONGHORN-FILLMORE-OAK-CREEK-SOUTH-BUCK-ANY-LEGAL-WEAPON","Pronghorn","Buck","Conservation","SFW","Fillmore, Oak Creek South","fillmore-oak-creek-south","System.Object[]","Any Legal Weapon","Any Legal Weapon","1","System.Object[]","10833.33","Pronghorn","235","System.Object[]","True","","True","System.Object[]","System.Object[]"
"CP-PRONGHORN-LA-SAL-POTASH-SOUTH-CISCO-BUCK-ANY-LEGAL-WEAPON","Pronghorn","Buck","Conservation","UHA","La Sal, Potash/South Cisco","la-sal-potash-south-cisco","System.Object[]","Any Legal Weapon","Any Legal Weapon","1","System.Object[]","2750","Pronghorn","237","System.Object[]","True","","True","System.Object[]","System.Object[]"
"CP-PRONGHORN-MT-DUTTON-PAUNSAUGUNT-BUCK-ANY-LEGAL-WEAPON","Pronghorn","Buck","Conservation","MDF","Mt Dutton/Paunsaugunt","mt-dutton-paunsaugunt","System.Object[]","Any Legal Weapon","Any Legal Weapon","1","System.Object[]","3491.67","Pronghorn","238","System.Object[]","True","","True","System.Object[]","System.Object[]"
"CP-PRONGHORN-MT-DUTTON-PAUNSAUGUNT-BUCK-ANY-LEGAL-WEAPON","Pronghorn","Buck","Conservation","SFW","Mt Dutton/Paunsaugunt","mt-dutton-paunsaugunt","System.Object[]","Any Legal Weapon","Any Legal Weapon","1","System.Object[]","3491.67","Pronghorn","239","System.Object[]","True","","True","System.Object[]","System.Object[]"
"CP-PRONGHORN-NINE-MILE-ANTHRO-MYTON-BENCH-BUCK-ANY-LEGAL-WEAPON","Pronghorn","Buck","Conservation","MDF","Nine Mile, Anthro-Myton Bench","nine-mile-anthro-myton-bench","System.Object[]","Any Legal Weapon","Any Legal Weapon","1","System.Object[]","4133.33","Pronghorn","242","System.Object[]","True","","True","System.Object[]","System.Object[]"
"CP-PRONGHORN-NINE-MILE-ANTHRO-MYTON-BENCH-BUCK-ANY-LEGAL-WEAPON","Pronghorn","Buck","Conservation","NWTF","Nine Mile, Anthro-Myton Bench","nine-mile-anthro-myton-bench","System.Object[]","Any Legal Weapon","Any Legal Weapon","3","System.Object[]","4133.33","Pronghorn","240","System.Object[]","True","","True","System.Object[]","System.Object[]"
"CP-PRONGHORN-NINE-MILE-ANTHRO-MYTON-BENCH-BUCK-ANY-LEGAL-WEAPON","Pronghorn","Buck","Conservation","SFW","Nine Mile, Anthro-Myton Bench","nine-mile-anthro-myton-bench","System.Object[]","Any Legal Weapon","Any Legal Weapon","1","System.Object[]","4133.33","Pronghorn","245","System.Object[]","True","","True","System.Object[]","System.Object[]"
"CP-PRONGHORN-NINE-MILE-ANTHRO-MYTON-BENCH-BUCK-ANY-LEGAL-WEAPON","Pronghorn","Buck","Conservation","WCF","Nine Mile, Anthro-Myton Bench","nine-mile-anthro-myton-bench","System.Object[]","Any Legal Weapon","Any Legal Weapon","2","System.Object[]","4133.33","Pronghorn","241","System.Object[]","True","","True","System.Object[]","System.Object[]"
"CP-PRONGHORN-NINE-MILE-RANGE-CREEK-BUCK-ANY-LEGAL-WEAPON","Pronghorn","Buck","Conservation","NWTF","Nine Mile, Range Creek","nine-mile-range-creek","System.Object[]","Any Legal Weapon","Any Legal Weapon","1","System.Object[]","7416.67","Pronghorn","247","System.Object[]","True","","True","System.Object[]","System.Object[]"
"CP-PRONGHORN-NORTH-SLOPE-SUMMIT-BUCK-ANY-LEGAL-WEAPON","Pronghorn","Buck","Conservation","MDF","North Slope, Summit","north-slope-summit","System.Object[]","Any Legal Weapon","Any Legal Weapon","1","System.Object[]","5000","Pronghorn","248","System.Object[]","True","","True","System.Object[]","System.Object[]"
"CP-PRONGHORN-NORTH-SLOPE-THREE-CORNERS-WEST-DAGGETT-BUCK-ANY-LEGAL-WEAPON","Pronghorn","Buck","Conservation","MDF","North Slope, Three Corners/West Daggett","north-slope-three-corners-west-daggett","System.Object[]","Any Legal Weapon","Any Legal Weapon","1","System.Object[]","4791.67","Pronghorn","249","System.Object[]","True","","True","System.Object[]","System.Object[]"
"CP-PRONGHORN-NORTH-SLOPE-THREE-CORNERS-WEST-DAGGETT-BUCK-ANY-LEGAL-WEAPON","Pronghorn","Buck","Conservation","SFW","North Slope, Three Corners/West Daggett","north-slope-three-corners-west-daggett","System.Object[]","Any Legal Weapon","Any Legal Weapon","2","System.Object[]","4791.67","Pronghorn","250","System.Object[]","True","","True","System.Object[]","System.Object[]"
"CP-PRONGHORN-PANGUITCH-LAKE-ZION-NORTH-BUCK-ANY-LEGAL-WEAPON","Pronghorn","Buck","Conservation","MDF","Panguitch Lake/Zion, North","panguitch-lake-zion-north","System.Object[]","Any Legal Weapon","Any Legal Weapon","1","System.Object[]","3583.33","Pronghorn","253","System.Object[]","True","","True","System.Object[]","System.Object[]"
"CP-PRONGHORN-PANGUITCH-LAKE-ZION-NORTH-BUCK-ANY-LEGAL-WEAPON","Pronghorn","Buck","Conservation","SFW","Panguitch Lake/Zion, North","panguitch-lake-zion-north","System.Object[]","Any Legal Weapon","Any Legal Weapon","1","System.Object[]","3583.33","Pronghorn","252","System.Object[]","True","","True","System.Object[]","System.Object[]"
"CP-PRONGHORN-PARKER-MTN-BUCK-ANY-LEGAL-WEAPON","Pronghorn","Buck","Conservation","MDF","Parker Mtn","parker-mtn","System.Object[]","Any Legal Weapon","Any Legal Weapon","1","System.Object[]","5000","Pronghorn","254","System.Object[]","True","","True","System.Object[]","System.Object[]"
"CP-PRONGHORN-PARKER-MTN-BUCK-ANY-LEGAL-WEAPON","Pronghorn","Buck","Conservation","SFW","Parker Mtn","parker-mtn","System.Object[]","Any Legal Weapon","Any Legal Weapon","3","System.Object[]","5000","Pronghorn","255","System.Object[]","True","","True","System.Object[]","System.Object[]"
"CP-PRONGHORN-PINE-VALLEY-BUCK-ANY-LEGAL-WEAPON","Pronghorn","Buck","Conservation","MDF","Pine Valley","pine-valley","System.Object[]","Any Legal Weapon","Any Legal Weapon","1","System.Object[]","4416.67","Pronghorn","258","System.Object[]","True","","True","System.Object[]","System.Object[]"
"CP-PRONGHORN-PINE-VALLEY-BUCK-ANY-LEGAL-WEAPON","Pronghorn","Buck","Conservation","SFW","Pine Valley","pine-valley","System.Object[]","Any Legal Weapon","Any Legal Weapon","1","System.Object[]","4416.67","Pronghorn","259","System.Object[]","True","","True","System.Object[]","System.Object[]"
"CP-PRONGHORN-SAN-RAFAEL-NORTH-BUCK-ANY-LEGAL-WEAPON","Pronghorn","Buck","Conservation","NWTF","San Rafael, North","san-rafael-north","System.Object[]","Any Legal Weapon","Any Legal Weapon","3","System.Object[]","10002.78","Pronghorn","260","System.Object[]","True","","True","System.Object[]","System.Object[]"
"CP-PRONGHORN-SAN-RAFAEL-NORTH-BUCK-ANY-LEGAL-WEAPON","Pronghorn","Buck","Conservation","SFW","San Rafael, North","san-rafael-north","System.Object[]","Any Legal Weapon","Any Legal Weapon","2","System.Object[]","10002.78","Pronghorn","262","System.Object[]","True","","True","System.Object[]","System.Object[]"
"CP-PRONGHORN-SOUTHWEST-DESERT-BUCK-ANY-LEGAL-WEAPON","Pronghorn","Buck","Conservation","DSC","Southwest Desert","southwest-desert","System.Object[]","Any Legal Weapon","Any Legal Weapon","1","System.Object[]","5777.08","Pronghorn","265","System.Object[]","True","","True","System.Object[]","System.Object[]"
"CP-PRONGHORN-SOUTHWEST-DESERT-BUCK-ANY-LEGAL-WEAPON","Pronghorn","Buck","Conservation","MDF","Southwest Desert","southwest-desert","System.Object[]","Any Legal Weapon","Any Legal Weapon","2","System.Object[]","5777.08","Pronghorn","268","System.Object[]","True","","True","System.Object[]","System.Object[]"
"CP-PRONGHORN-SOUTHWEST-DESERT-BUCK-ANY-LEGAL-WEAPON","Pronghorn","Buck","Conservation","NWTF","Southwest Desert","southwest-desert","System.Object[]","Any Legal Weapon","Any Legal Weapon","2","System.Object[]","5777.08","Pronghorn","267","System.Object[]","True","","True","System.Object[]","System.Object[]"
"CP-PRONGHORN-SOUTHWEST-DESERT-BUCK-ANY-LEGAL-WEAPON","Pronghorn","Buck","Conservation","RMEF","Southwest Desert","southwest-desert","System.Object[]","Any Legal Weapon","Any Legal Weapon","1","System.Object[]","5777.08","Pronghorn","272","System.Object[]","True","","True","System.Object[]","System.Object[]"
"CP-PRONGHORN-SOUTHWEST-DESERT-BUCK-ANY-LEGAL-WEAPON","Pronghorn","Buck","Conservation","SFW","Southwest Desert","southwest-desert","System.Object[]","Any Legal Weapon","Any Legal Weapon","1","System.Object[]","5777.08","Pronghorn","270","System.Object[]","True","","True","System.Object[]","System.Object[]"
"CP-PRONGHORN-SOUTHWEST-DESERT-BUCK-ANY-LEGAL-WEAPON","Pronghorn","Buck","Conservation","UAA","Southwest Desert","southwest-desert","System.Object[]","Any Legal Weapon","Any Legal Weapon","1","System.Object[]","5777.08","Pronghorn","266","System.Object[]","True","","True","System.Object[]","System.Object[]"
"CP-PRONGHORN-STATEWIDE-BUCK-ANY-LEGAL-WEAPON","Pronghorn","Buck","Conservation","MDF","Statewide","statewide","System.Object[]","Any Legal Weapon",,"1","System.Object[]","33666.67","Pronghorn","289","System.Object[]","True","Statewide Pronghorn Conservation","True","System.Object[]","System.Object[]"
"CP-PRONGHORN-VERNAL-BUCK-ANY-LEGAL-WEAPON","Pronghorn","Buck","Conservation","MDF","Vernal","vernal","System.Object[]","Any Legal Weapon","Any Legal Weapon","1","System.Object[]","5388.89","Pronghorn","276","System.Object[]","True","","True","System.Object[]","System.Object[]"
"CP-PRONGHORN-VERNAL-BUCK-ANY-LEGAL-WEAPON","Pronghorn","Buck","Conservation","NWTF","Vernal","vernal","System.Object[]","Any Legal Weapon","Any Legal Weapon","1","System.Object[]","5388.89","Pronghorn","277","System.Object[]","True","","True","System.Object[]","System.Object[]"
"CP-PRONGHORN-VERNAL-BUCK-ANY-LEGAL-WEAPON","Pronghorn","Buck","Conservation","SCI","Vernal","vernal","System.Object[]","Any Legal Weapon","Any Legal Weapon","1","System.Object[]","5388.89","Pronghorn","275","System.Object[]","True","","True","System.Object[]","System.Object[]"
"CP-PRONGHORN-VERNAL-BUCK-ANY-LEGAL-WEAPON","Pronghorn","Buck","Conservation","WCF","Vernal","vernal","System.Object[]","Any Legal Weapon","Any Legal Weapon","2","System.Object[]","5388.89","Pronghorn","273","System.Object[]","True","","True","System.Object[]","System.Object[]"
"CP-PRONGHORN-WEST-DESERT-RIVERBED-BUCK-ANY-LEGAL-WEAPON","Pronghorn","Buck","Conservation","MDF","West Desert, Riverbed","west-desert-riverbed","System.Object[]","Any Legal Weapon","Any Legal Weapon","1","System.Object[]","7458.33","Pronghorn","279","System.Object[]","True","","True","System.Object[]","System.Object[]"
"CP-PRONGHORN-WEST-DESERT-RIVERBED-BUCK-ANY-LEGAL-WEAPON","Pronghorn","Buck","Conservation","NWTF","West Desert, Riverbed","west-desert-riverbed","System.Object[]","Any Legal Weapon","Any Legal Weapon","2","System.Object[]","7458.33","Pronghorn","278","System.Object[]","True","","True","System.Object[]","System.Object[]"
"CP-PRONGHORN-WEST-DESERT-RIVERBED-BUCK-ANY-LEGAL-WEAPON","Pronghorn","Buck","Conservation","SFW","West Desert, Riverbed","west-desert-riverbed","System.Object[]","Any Legal Weapon","Any Legal Weapon","1","System.Object[]","7458.33","Pronghorn","280","System.Object[]","True","","True","System.Object[]","System.Object[]"
"CP-PRONGHORN-WEST-DESERT-RUSH-VALLEY-BUCK-ANY-LEGAL-WEAPON","Pronghorn","Buck","Conservation","MDF","West Desert, Rush Valley","west-desert-rush-valley","System.Object[]","Any Legal Weapon","Any Legal Weapon","1","System.Object[]","4666.67","Pronghorn","283","System.Object[]","True","","True","System.Object[]","System.Object[]"
"CP-PRONGHORN-WEST-DESERT-RUSH-VALLEY-BUCK-ANY-LEGAL-WEAPON","Pronghorn","Buck","Conservation","SFW","West Desert, Rush Valley","west-desert-rush-valley","System.Object[]","Any Legal Weapon","Any Legal Weapon","1","System.Object[]","4666.67","Pronghorn","282","System.Object[]","True","","True","System.Object[]","System.Object[]"
"CP-PRONGHORN-WEST-DESERT-SNAKE-VALLEY-BUCK-ANY-LEGAL-WEAPON","Pronghorn","Buck","Conservation","MDF","West Desert, Snake Valley","west-desert-snake-valley","System.Object[]","Any Legal Weapon","Any Legal Weapon","1","System.Object[]","5755.56","Pronghorn","285","System.Object[]","True","","True","System.Object[]","System.Object[]"
"CP-PRONGHORN-WEST-DESERT-SNAKE-VALLEY-BUCK-ANY-LEGAL-WEAPON","Pronghorn","Buck","Conservation","RMEF","West Desert, Snake Valley","west-desert-snake-valley","System.Object[]","Any Legal Weapon","Any Legal Weapon","1","System.Object[]","5755.56","Pronghorn","286","System.Object[]","True","","True","System.Object[]","System.Object[]"
"CP-PRONGHORN-WEST-DESERT-SNAKE-VALLEY-BUCK-ANY-LEGAL-WEAPON","Pronghorn","Buck","Conservation","SFW","West Desert, Snake Valley","west-desert-snake-valley","System.Object[]","Any Legal Weapon","Any Legal Weapon","3","System.Object[]","5755.56","Pronghorn","284","System.Object[]","True","","True","System.Object[]","System.Object[]"
"CP-ROCKY-MOUNTAIN-BIGHORN-SHEEP-BOOK-CLIFFS-SOUTH-RAM-ANY-LEGAL-WEAPON","Rocky Mountain Bighorn Sheep","Ram","Conservation","UWSF","Book Cliffs, South","book-cliffs-south","System.Object[]","Any Legal Weapon","Any Legal Weapon","1","System.Object[]","208333.33","Rocky Mountain Bighorn Sheep","290","System.Object[]","True","Book Cliffs South Conservation","True","System.Object[]","System.Object[]"
"CP-ROCKY-MOUNTAIN-BIGHORN-SHEEP-BOX-ELDER-NEWFOUNDLAND-MTNS-EARLY-RAM-ANY-LEGAL-WEAPON","Rocky Mountain Bighorn Sheep","Ram","Conservation","UWSF","Box Elder, Newfoundland Mtns (early)","box-elder-newfoundland-mtns-early","System.Object[]","Any Legal Weapon","Any Legal Weapon","1","System.Object[]","133333.33","Rocky Mountain Bighorn Sheep","291","System.Object[]","True","Box Elder Newfoundland Mtn Conservation","True","System.Object[]",
"CP-ROCKY-MOUNTAIN-BIGHORN-SHEEP-BOX-ELDER-NEWFOUNDLAND-MTNS-LATE-RAM-ANY-LEGAL-WEAPON","Rocky Mountain Bighorn Sheep","Ram","Conservation","UWSF","Box Elder, Newfoundland Mtns (late)","box-elder-newfoundland-mtns-late","System.Object[]","Any Legal Weapon","Any Legal Weapon","1","System.Object[]","117000","Rocky Mountain Bighorn Sheep","292","System.Object[]","True","Box Elder Newfoundland Mtn Conservation","True","System.Object[]",
"CP-ROCKY-MOUNTAIN-BIGHORN-SHEEP-FILLMORE-OAK-CREEK-LATE-RAM-ANY-LEGAL-WEAPON","Rocky Mountain Bighorn Sheep","Ram","Conservation","UWSF","Fillmore, Oak Creek (late)","fillmore-oak-creek-late","System.Object[]","Any Legal Weapon","Any Legal Weapon","1","System.Object[]","105000","Rocky Mountain Bighorn Sheep","293","System.Object[]","True","","True","System.Object[]",
"CP-ROCKY-MOUNTAIN-BIGHORN-SHEEP-NINE-MILE-GRAY-CANYON-RAM-ANY-LEGAL-WEAPON","Rocky Mountain Bighorn Sheep","Ram","Conservation","SFW","Nine Mile, Gray Canyon","nine-mile-gray-canyon","System.Object[]","Any Legal Weapon","Any Legal Weapon","1","System.Object[]","225000","Rocky Mountain Bighorn Sheep","294","System.Object[]","True","Nine Mile Gray Canyon Conservation","True","System.Object[]","System.Object[]"
"CP-ROCKY-MOUNTAIN-BIGHORN-SHEEP-STATEWIDE-RAM-ANY-LEGAL-WEAPON","Rocky Mountain Bighorn Sheep","Ram","Conservation","SFW","Statewide","statewide","System.Object[]","Any Legal Weapon",,"1","System.Object[]","230000","Rocky Mountain Bighorn Sheep","295","System.Object[]","True","Statewide Rocky Bighorn Conservation","True","System.Object[]","System.Object[]"
"CP-TURKEY-CENTRAL-AREA-BEARDED-MULTISEASON","Turkey","Bearded","Conservation","MDF","Central Area","central-area","System.Object[]","ALW","ALW","1","System.Object[]","795.83","Turkey","301","System.Object[]","True","","True","System.Object[]","System.Object[]"
"CP-TURKEY-CENTRAL-AREA-BEARDED-MULTISEASON","Turkey","Bearded","Conservation","NWTF","Central Area","central-area","System.Object[]","ALW","ALW","2","System.Object[]","795.83","Turkey","296","System.Object[]","True","","True","System.Object[]","System.Object[]"
"CP-TURKEY-CENTRAL-AREA-BEARDED-MULTISEASON","Turkey","Bearded","Conservation","SFW","Central Area","central-area","System.Object[]","ALW","ALW","5","System.Object[]","795.83","Turkey","297","System.Object[]","True","","True","System.Object[]","System.Object[]"
"CP-TURKEY-NORTHEASTERN-AREA-BEARDED-MULTISEASON","Turkey","Bearded","Conservation","NWTF","Northeastern Area","northeastern-area","System.Object[]","ALW","ALW","1","System.Object[]","1038.54","Turkey","308","System.Object[]","True","","True","System.Object[]","System.Object[]"
"CP-TURKEY-NORTHEASTERN-AREA-BEARDED-MULTISEASON","Turkey","Bearded","Conservation","SFW","Northeastern Area","northeastern-area","System.Object[]","ALW","ALW","6","System.Object[]","1038.54","Turkey","305","System.Object[]","True","","True","System.Object[]","System.Object[]"
"CP-TURKEY-NORTHEASTERN-AREA-BEARDED-MULTISEASON","Turkey","Bearded","Conservation","WCF","Northeastern Area","northeastern-area","System.Object[]","ALW","ALW","1","System.Object[]","1038.54","Turkey","304","System.Object[]","True","","True","System.Object[]","System.Object[]"
"CP-TURKEY-NORTHERN-AREA-BEARDED-MULTISEASON","Turkey","Bearded","Conservation","DSC","Northern Area","northern-area","System.Object[]","ALW","ALW","1","System.Object[]","519.79","Turkey","312","System.Object[]","True","","True","System.Object[]","System.Object[]"
"CP-TURKEY-NORTHERN-AREA-BEARDED-MULTISEASON","Turkey","Bearded","Conservation","NWTF","Northern Area","northern-area","System.Object[]","ALW","ALW","1","System.Object[]","519.79","Turkey","319","System.Object[]","True","","True","System.Object[]","System.Object[]"
"CP-TURKEY-NORTHERN-AREA-BEARDED-MULTISEASON","Turkey","Bearded","Conservation","SFW","Northern Area","northern-area","System.Object[]","ALW","ALW","4","System.Object[]","519.79","Turkey","314","System.Object[]","True","","True","System.Object[]","System.Object[]"
"CP-TURKEY-NORTHERN-AREA-BEARDED-MULTISEASON","Turkey","Bearded","Conservation","UHA","Northern Area","northern-area","System.Object[]","ALW","ALW","1","System.Object[]","519.79","Turkey","313","System.Object[]","True","","True","System.Object[]","System.Object[]"
"CP-TURKEY-NORTHERN-AREA-BEARDED-MULTISEASON","Turkey","Bearded","Conservation","WCF","Northern Area","northern-area","System.Object[]","ALW","ALW","1","System.Object[]","519.79","Turkey","315","System.Object[]","True","","True","System.Object[]","System.Object[]"
"CP-TURKEY-SOUTHEASTERN-AREA-BEARDED-MULTISEASON","Turkey","Bearded","Conservation","NWTF","Southeastern Area","southeastern-area","System.Object[]","ALW","ALW","3","System.Object[]","1037.5","Turkey","320","System.Object[]","True","","True","System.Object[]","System.Object[]"
"CP-TURKEY-SOUTHEASTERN-AREA-BEARDED-MULTISEASON","Turkey","Bearded","Conservation","SFW","Southeastern Area","southeastern-area","System.Object[]","ALW","ALW","5","System.Object[]","1037.5","Turkey","322","System.Object[]","True","","True","System.Object[]","System.Object[]"
"CP-TURKEY-SOUTHERN-AREA-BEARDED-MULTISEASON","Turkey","Bearded","Conservation","MDF","Southern Area","southern-area","System.Object[]","ALW","ALW","1","System.Object[]","597.92","Turkey","329","System.Object[]","True","","True","System.Object[]","System.Object[]"
"CP-TURKEY-SOUTHERN-AREA-BEARDED-MULTISEASON","Turkey","Bearded","Conservation","NWTF","Southern Area","southern-area","System.Object[]","ALW","ALW","2","System.Object[]","597.92","Turkey","333","System.Object[]","True","","True","System.Object[]","System.Object[]"
"CP-TURKEY-SOUTHERN-AREA-BEARDED-MULTISEASON","Turkey","Bearded","Conservation","SFW","Southern Area","southern-area","System.Object[]","ALW","ALW","4","System.Object[]","597.92","Turkey","330","System.Object[]","True","","True","System.Object[]","System.Object[]"
"CP-TURKEY-SOUTHERN-AREA-BEARDED-MULTISEASON","Turkey","Bearded","Conservation","UHA","Southern Area","southern-area","System.Object[]","ALW","ALW","1","System.Object[]","597.92","Turkey","328","System.Object[]","True","","True","System.Object[]","System.Object[]"
"CP-TURKEY-STATEWIDE-BEARDED-ANY-LEGAL-WEAPON","Turkey","Bearded","Conservation","SFW","Statewide","statewide","System.Object[]","Any Legal Weapon",,"1","System.Object[]","2450","Turkey","336","System.Object[]","True","Statewide Turkey Conservation","True","System.Object[]","System.Object[]"
