path,filename,clean_title,section,year_folder,reported_year,target_year,year_method,issue
C:\Users\tyler\Desktop\GitHub\HUNTS\pipeline\RAW\hunt_unit_database\2013\pdf\harvest_report\04F508BD__2013_all_species_hr.pdf,04F508BD__2013_all_species_hr.pdf,2013_all_species_hr.pdf,harvest_report,2013,2013,2014,y4,model_year_mismatch
C:\Users\tyler\Desktop\GitHub\HUNTS\pipeline\RAW\hunt_unit_database\2013\pdf\harvest_report\1400385D__2013_moose_hr.pdf,1400385D__2013_moose_hr.pdf,2013_moose_hr.pdf,harvest_report,2013,2013,2014,y4,model_year_mismatch
C:\Users\tyler\Desktop\GitHub\HUNTS\pipeline\RAW\hunt_unit_database\2013\pdf\harvest_report\31B5012A__2013_mg_hr.pdf,31B5012A__2013_mg_hr.pdf,2013_mg_hr.pdf,harvest_report,2013,2013,2014,y4,model_year_mismatch
C:\Users\tyler\Desktop\GitHub\HUNTS\pipeline\RAW\hunt_unit_database\2013\pdf\harvest_report\3C5A3350__2013_rmbs_hr.pdf,3C5A3350__2013_rmbs_hr.pdf,2013_rmbs_hr.pdf,harvest_report,2013,2013,2014,y4,model_year_mismatch
C:\Users\tyler\Desktop\GitHub\HUNTS\pipeline\RAW\hunt_unit_database\2013\pdf\harvest_report\58DF2D11__2013_gs_deer_hr.pdf,58DF2D11__2013_gs_deer_hr.pdf,2013_gs_deer_hr.pdf,harvest_report,2013,2013,2014,y4,model_year_mismatch
C:\Users\tyler\Desktop\GitHub\HUNTS\pipeline\RAW\hunt_unit_database\2013\pdf\harvest_report\8949AE45__2013_le_elk_hr.pdf,8949AE45__2013_le_elk_hr.pdf,2013_le_elk_hr.pdf,harvest_report,2013,2013,2014,y4,model_year_mismatch
C:\Users\tyler\Desktop\GitHub\HUNTS\pipeline\RAW\hunt_unit_database\2013\pdf\harvest_report\8995B15E__2013_bison_hr.pdf,8995B15E__2013_bison_hr.pdf,2013_bison_hr.pdf,harvest_report,2013,2013,2014,y4,model_year_mismatch
C:\Users\tyler\Desktop\GitHub\HUNTS\pipeline\RAW\hunt_unit_database\2013\pdf\harvest_report\BA46974B__2013_le_pronghorn_hr.pdf,BA46974B__2013_le_pronghorn_hr.pdf,2013_le_pronghorn_hr.pdf,harvest_report,2013,2013,2014,y4,model_year_mismatch
C:\Users\tyler\Desktop\GitHub\HUNTS\pipeline\RAW\hunt_unit_database\2013\pdf\harvest_report\FA55B0D7__2013_le_deer_hr.pdf,FA55B0D7__2013_le_deer_hr.pdf,2013_le_deer_hr.pdf,harvest_report,2013,2013,2014,y4,model_year_mismatch
C:\Users\tyler\Desktop\GitHub\HUNTS\pipeline\RAW\hunt_unit_database\2013\pdf\harvest_report\FB91F4A9__2013_dbs_hr.pdf,FB91F4A9__2013_dbs_hr.pdf,2013_dbs_hr.pdf,harvest_report,2013,2013,2014,y4,model_year_mismatch
C:\Users\tyler\Desktop\GitHub\HUNTS\pipeline\RAW\hunt_unit_database\2014\pdf\harvest_report\0AD0E19F__escalante_bighorn_2014.pdf,0AD0E19F__escalante_bighorn_2014.pdf,escalante_bighorn_2014.pdf,harvest_report,2014,2014,2015,y4,model_year_mismatch
C:\Users\tyler\Desktop\GitHub\HUNTS\pipeline\RAW\hunt_unit_database\2014\pdf\harvest_report\0B284939__baretop_bighorn_2014.pdf,0B284939__baretop_bighorn_2014.pdf,baretop_bighorn_2014.pdf,harvest_report,2014,2014,2015,y4,model_year_mismatch
C:\Users\tyler\Desktop\GitHub\HUNTS\pipeline\RAW\hunt_unit_database\2014\pdf\harvest_report\20175C2A__dirtydevil_bighorn_2014.pdf,20175C2A__dirtydevil_bighorn_2014.pdf,dirtydevil_bighorn_2014.pdf,harvest_report,2014,2014,2015,y4,model_year_mismatch
C:\Users\tyler\Desktop\GitHub\HUNTS\pipeline\RAW\hunt_unit_database\2014\pdf\harvest_report\3A23A26F__2014_gs_deer_hr.pdf,3A23A26F__2014_gs_deer_hr.pdf,2014_gs_deer_hr.pdf,harvest_report,2014,2014,2015,y4,model_year_mismatch
C:\Users\tyler\Desktop\GitHub\HUNTS\pipeline\RAW\hunt_unit_database\2014\pdf\harvest_report\586D15F7__sheepcreek_bighorn_2014.pdf,586D15F7__sheepcreek_bighorn_2014.pdf,sheepcreek_bighorn_2014.pdf,harvest_report,2014,2014,2015,y4,model_year_mismatch
C:\Users\tyler\Desktop\GitHub\HUNTS\pipeline\RAW\hunt_unit_database\2014\pdf\harvest_report\5C01A46D__westdaggett_redcanyon_bighorn_2014.pdf,5C01A46D__westdaggett_redcanyon_bighorn_2014.pdf,westdaggett_redcanyon_bighorn_2014.pdf,harvest_report,2014,2014,2015,y4,model_year_mismatch
C:\Users\tyler\Desktop\GitHub\HUNTS\pipeline\RAW\hunt_unit_database\2014\pdf\harvest_report\5DAFBD36__southsanjuan_bighorn_2014.pdf,5DAFBD36__southsanjuan_bighorn_2014.pdf,southsanjuan_bighorn_2014.pdf,harvest_report,2014,2014,2015,y4,model_year_mismatch
C:\Users\tyler\Desktop\GitHub\HUNTS\pipeline\RAW\hunt_unit_database\2014\pdf\harvest_report\5E74FC14__avintaquin_bighorn_2014.pdf,5E74FC14__avintaquin_bighorn_2014.pdf,avintaquin_bighorn_2014.pdf,harvest_report,2014,2014,2015,y4,model_year_mismatch
C:\Users\tyler\Desktop\GitHub\HUNTS\pipeline\RAW\hunt_unit_database\2014\pdf\harvest_report\62B883FF__2014_all_species_hr.pdf,62B883FF__2014_all_species_hr.pdf,2014_all_species_hr.pdf,harvest_report,2014,2014,2015,y4,model_year_mismatch
C:\Users\tyler\Desktop\GitHub\HUNTS\pipeline\RAW\hunt_unit_database\2014\pdf\harvest_report\6A5A0322__northsanjuan_bighorn_2014.pdf,6A5A0322__northsanjuan_bighorn_2014.pdf,northsanjuan_bighorn_2014.pdf,harvest_report,2014,2014,2015,y4,model_year_mismatch
C:\Users\tyler\Desktop\GitHub\HUNTS\pipeline\RAW\hunt_unit_database\2014\pdf\harvest_report\6AE90682__sanjuanriver_bighorn_2014.pdf,6AE90682__sanjuanriver_bighorn_2014.pdf,sanjuanriver_bighorn_2014.pdf,harvest_report,2014,2014,2015,y4,model_year_mismatch
C:\Users\tyler\Desktop\GitHub\HUNTS\pipeline\RAW\hunt_unit_database\2014\pdf\harvest_report\737D4E27__pinevalley_bighorn_2014.pdf,737D4E27__pinevalley_bighorn_2014.pdf,pinevalley_bighorn_2014.pdf,harvest_report,2014,2014,2015,y4,model_year_mismatch
C:\Users\tyler\Desktop\GitHub\HUNTS\pipeline\RAW\hunt_unit_database\2014\pdf\harvest_report\94140BEF__pilotmtn_bighorn_2014.pdf,94140BEF__pilotmtn_bighorn_2014.pdf,pilotmtn_bighorn_2014.pdf,harvest_report,2014,2014,2015,y4,model_year_mismatch
C:\Users\tyler\Desktop\GitHub\HUNTS\pipeline\RAW\hunt_unit_database\2014\pdf\harvest_report\9DBED702__2014_antlerless_hr.pdf,9DBED702__2014_antlerless_hr.pdf,2014_antlerless_hr.pdf,harvest_report,2014,2014,2015,y4,model_year_mismatch
C:\Users\tyler\Desktop\GitHub\HUNTS\pipeline\RAW\hunt_unit_database\2014\pdf\harvest_report\A5C79130__lasalpotash_bighorn_2014.pdf,A5C79130__lasalpotash_bighorn_2014.pdf,lasalpotash_bighorn_2014.pdf,harvest_report,2014,2014,2015,y4,model_year_mismatch
C:\Users\tyler\Desktop\GitHub\HUNTS\pipeline\RAW\hunt_unit_database\2014\pdf\harvest_report\A72F6F1C__lockhart_bighorn_2014.pdf,A72F6F1C__lockhart_bighorn_2014.pdf,lockhart_bighorn_2014.pdf,harvest_report,2014,2014,2015,y4,model_year_mismatch
C:\Users\tyler\Desktop\GitHub\HUNTS\pipeline\RAW\hunt_unit_database\2014\pdf\harvest_report\B1FCCFD7__henrys_littlerockies_bighorn_2014.pdf,B1FCCFD7__henrys_littlerockies_bighorn_2014.pdf,henrys_littlerockies_bighorn_2014.pdf,harvest_report,2014,2014,2015,y4,model_year_mismatch
C:\Users\tyler\Desktop\GitHub\HUNTS\pipeline\RAW\hunt_unit_database\2014\pdf\harvest_report\B41D81A1__newfoundland_bighorn_2014.pdf,B41D81A1__newfoundland_bighorn_2014.pdf,newfoundland_bighorn_2014.pdf,harvest_report,2014,2014,2015,y4,model_year_mismatch
C:\Users\tyler\Desktop\GitHub\HUNTS\pipeline\RAW\hunt_unit_database\2014\pdf\harvest_report\D04E792F__2014_bhs_data.pdf,D04E792F__2014_bhs_data.pdf,2014_bhs_data.pdf,harvest_report,2014,2014,2015,y4,model_year_mismatch
C:\Users\tyler\Desktop\GitHub\HUNTS\pipeline\RAW\hunt_unit_database\2014\pdf\harvest_report\DB693FA5__goslinmtn_bighorn_2014.pdf,DB693FA5__goslinmtn_bighorn_2014.pdf,goslinmtn_bighorn_2014.pdf,harvest_report,2014,2014,2015,y4,model_year_mismatch
C:\Users\tyler\Desktop\GitHub\HUNTS\pipeline\RAW\hunt_unit_database\2015\pdf\harvest_report\1592232F__NorthSlopeBaretop_bighorn_2015.pdf,1592232F__NorthSlopeBaretop_bighorn_2015.pdf,NorthSlopeBaretop_bighorn_2015.pdf,harvest_report,2015,2015,2016,y4,model_year_mismatch
C:\Users\tyler\Desktop\GitHub\HUNTS\pipeline\RAW\hunt_unit_database\2015\pdf\harvest_report\20569E3D__SouthSanRafael_bighorn_2015.pdf,20569E3D__SouthSanRafael_bighorn_2015.pdf,SouthSanRafael_bighorn_2015.pdf,harvest_report,2015,2015,2016,y4,model_year_mismatch
C:\Users\tyler\Desktop\GitHub\HUNTS\pipeline\RAW\hunt_unit_database\2015\pdf\harvest_report\23C2211D__2015_antlerless_hr.pdf,23C2211D__2015_antlerless_hr.pdf,2015_antlerless_hr.pdf,harvest_report,2015,2015,2016,y4,model_year_mismatch
C:\Users\tyler\Desktop\GitHub\HUNTS\pipeline\RAW\hunt_unit_database\2015\pdf\harvest_report\251794EF__2015_gs_deer_hr.pdf,251794EF__2015_gs_deer_hr.pdf,2015_gs_deer_hr.pdf,harvest_report,2015,2015,2016,y4,model_year_mismatch
C:\Users\tyler\Desktop\GitHub\HUNTS\pipeline\RAW\hunt_unit_database\2015\pdf\harvest_report\2CB58436__2015_BHS_Data.pdf,2CB58436__2015_BHS_Data.pdf,2015_BHS_Data.pdf,harvest_report,2015,2015,2016,y4,model_year_mismatch
C:\Users\tyler\Desktop\GitHub\HUNTS\pipeline\RAW\hunt_unit_database\2015\pdf\harvest_report\4F8E24C8__OquirrhStansburyBighorn_2015.pdf,4F8E24C8__OquirrhStansburyBighorn_2015.pdf,OquirrhStansburyBighorn_2015.pdf,harvest_report,2015,2015,2016,y4,model_year_mismatch
C:\Users\tyler\Desktop\GitHub\HUNTS\pipeline\RAW\hunt_unit_database\2015\pdf\harvest_report\60DAB81C__NorthSlopeSheepCreek_bighorn_2015.pdf,60DAB81C__NorthSlopeSheepCreek_bighorn_2015.pdf,NorthSlopeSheepCreek_bighorn_2015.pdf,harvest_report,2015,2015,2016,y4,model_year_mismatch
C:\Users\tyler\Desktop\GitHub\HUNTS\pipeline\RAW\hunt_unit_database\2015\pdf\harvest_report\6744AEA9__NorthSanRafael_bighorn_2015.pdf,6744AEA9__NorthSanRafael_bighorn_2015.pdf,NorthSanRafael_bighorn_2015.pdf,harvest_report,2015,2015,2016,y4,model_year_mismatch
C:\Users\tyler\Desktop\GitHub\HUNTS\pipeline\RAW\hunt_unit_database\2015\pdf\harvest_report\8CD72257__WasatchMtnsWest_bighorn_2015.pdf,8CD72257__WasatchMtnsWest_bighorn_2015.pdf,WasatchMtnsWest_bighorn_2015.pdf,harvest_report,2015,2015,2016,y4,model_year_mismatch
C:\Users\tyler\Desktop\GitHub\HUNTS\pipeline\RAW\hunt_unit_database\2015\pdf\harvest_report\94CBE76A__CentralMtnsNebo_bighorn_2015.pdf,94CBE76A__CentralMtnsNebo_bighorn_2015.pdf,CentralMtnsNebo_bighorn_2015.pdf,harvest_report,2015,2015,2016,y4,model_year_mismatch
C:\Users\tyler\Desktop\GitHub\HUNTS\pipeline\RAW\hunt_unit_database\2015\pdf\harvest_report\9D3EBB50__Zion_bighorn_2015.pdf,9D3EBB50__Zion_bighorn_2015.pdf,Zion_bighorn_2015.pdf,harvest_report,2015,2015,2016,y4,model_year_mismatch
C:\Users\tyler\Desktop\GitHub\HUNTS\pipeline\RAW\hunt_unit_database\2015\pdf\harvest_report\9FB2707A__NorthSlopeGoslinMtn_bighorn_2015.pdf,9FB2707A__NorthSlopeGoslinMtn_bighorn_2015.pdf,NorthSlopeGoslinMtn_bighorn_2015.pdf,harvest_report,2015,2015,2016,y4,model_year_mismatch
C:\Users\tyler\Desktop\GitHub\HUNTS\pipeline\RAW\hunt_unit_database\2015\pdf\harvest_report\D8032F87__NorthSlopeRedCanyon_bighorn_2015.pdf,D8032F87__NorthSlopeRedCanyon_bighorn_2015.pdf,NorthSlopeRedCanyon_bighorn_2015.pdf,harvest_report,2015,2015,2016,y4,model_year_mismatch
C:\Users\tyler\Desktop\GitHub\HUNTS\pipeline\RAW\hunt_unit_database\2015\pdf\harvest_report\E8CF3BEA__2015_le_oial_hr.pdf,E8CF3BEA__2015_le_oial_hr.pdf,2015_le_oial_hr.pdf,harvest_report,2015,2015,2016,y4,model_year_mismatch
C:\Users\tyler\Desktop\GitHub\HUNTS\pipeline\RAW\hunt_unit_database\2015\pdf\harvest_report\EA6B4005__KaiparowitsEastWest_bighorn_2015.pdf,EA6B4005__KaiparowitsEastWest_bighorn_2015.pdf,KaiparowitsEastWest_bighorn_2015.pdf,harvest_report,2015,2015,2016,y4,model_year_mismatch
C:\Users\tyler\Desktop\GitHub\HUNTS\pipeline\RAW\hunt_unit_database\2016\pdf\harvest_report\11D93CAD__2016_n_slope_w_daggett_sheep_creek_bh.pdf,11D93CAD__2016_n_slope_w_daggett_sheep_creek_bh.pdf,2016_n_slope_w_daggett_sheep_creek_bh.pdf,harvest_report,2016,2016,2017,y4,model_year_mismatch
C:\Users\tyler\Desktop\GitHub\HUNTS\pipeline\RAW\hunt_unit_database\2016\pdf\harvest_report\1414A3B6__2016_san_rafael_dirty_devil_bg.pdf,1414A3B6__2016_san_rafael_dirty_devil_bg.pdf,2016_san_rafael_dirty_devil_bg.pdf,harvest_report,2016,2016,2017,y4,model_year_mismatch
C:\Users\tyler\Desktop\GitHub\HUNTS\pipeline\RAW\hunt_unit_database\2016\pdf\harvest_report\25AAAC37__2016_box_elder_newfoundlands_bh.pdf,25AAAC37__2016_box_elder_newfoundlands_bh.pdf,2016_box_elder_newfoundlands_bh.pdf,harvest_report,2016,2016,2017,y4,model_year_mismatch
C:\Users\tyler\Desktop\GitHub\HUNTS\pipeline\RAW\hunt_unit_database\2016\pdf\harvest_report\2B13F427__2016_pine_valley_bighorn.pdf,2B13F427__2016_pine_valley_bighorn.pdf,2016_pine_valley_bighorn.pdf,harvest_report,2016,2016,2017,y4,model_year_mismatch
C:\Users\tyler\Desktop\GitHub\HUNTS\pipeline\RAW\hunt_unit_database\2016\pdf\harvest_report\4B2B58E6__Box_Elder_Newfoundland_bighorn_2016.pdf,4B2B58E6__Box_Elder_Newfoundland_bighorn_2016.pdf,Box_Elder_Newfoundland_bighorn_2016.pdf,harvest_report,2016,2016,2017,y4,model_year_mismatch
C:\Users\tyler\Desktop\GitHub\HUNTS\pipeline\RAW\hunt_unit_database\2016\pdf\harvest_report\4B871A48__2016_le_oial_hr.pdf,4B871A48__2016_le_oial_hr.pdf,2016_le_oial_hr.pdf,harvest_report,2016,2016,2017,y4,model_year_mismatch
C:\Users\tyler\Desktop\GitHub\HUNTS\pipeline\RAW\hunt_unit_database\2016\pdf\harvest_report\6B279CB4__2016_henrys_little_rockies_rattlesnake_bh.pdf,6B279CB4__2016_henrys_little_rockies_rattlesnake_bh.pdf,2016_henrys_little_rockies_rattlesnake_bh.pdf,harvest_report,2016,2016,2017,y4,model_year_mismatch
C:\Users\tyler\Desktop\GitHub\HUNTS\pipeline\RAW\hunt_unit_database\2016\pdf\harvest_report\82A75C66__2016_gs_deer_hr.pdf,82A75C66__2016_gs_deer_hr.pdf,2016_gs_deer_hr.pdf,harvest_report,2016,2016,2017,y4,model_year_mismatch
C:\Users\tyler\Desktop\GitHub\HUNTS\pipeline\RAW\hunt_unit_database\2016\pdf\harvest_report\942386DD__2016_n_slope_three_corners_bh.pdf,942386DD__2016_n_slope_three_corners_bh.pdf,2016_n_slope_three_corners_bh.pdf,harvest_report,2016,2016,2017,y4,model_year_mismatch
C:\Users\tyler\Desktop\GitHub\HUNTS\pipeline\RAW\hunt_unit_database\2016\pdf\harvest_report\B21D6549__2016_bhs_harvest_data.pdf,B21D6549__2016_bhs_harvest_data.pdf,2016_bhs_harvest_data.pdf,harvest_report,2016,2016,2017,y4,model_year_mismatch
C:\Users\tyler\Desktop\GitHub\HUNTS\pipeline\RAW\hunt_unit_database\2016\pdf\harvest_report\B564C9EC__2016_book_cliffs_rattlesnake_bh.pdf,B564C9EC__2016_book_cliffs_rattlesnake_bh.pdf,2016_book_cliffs_rattlesnake_bh.pdf,harvest_report,2016,2016,2017,y4,model_year_mismatch
C:\Users\tyler\Desktop\GitHub\HUNTS\pipeline\RAW\hunt_unit_database\2016\pdf\harvest_report\CA218DB8__2016_n_slope_w_daggett_red_canyon_bh.pdf,CA218DB8__2016_n_slope_w_daggett_red_canyon_bh.pdf,2016_n_slope_w_daggett_red_canyon_bh.pdf,harvest_report,2016,2016,2017,y4,model_year_mismatch
C:\Users\tyler\Desktop\GitHub\HUNTS\pipeline\RAW\hunt_unit_database\2016\pdf\harvest_report\CBEBFE8C__2016_nine_mile_range_creek_bh.pdf,CBEBFE8C__2016_nine_mile_range_creek_bh.pdf,2016_nine_mile_range_creek_bh.pdf,harvest_report,2016,2016,2017,y4,model_year_mismatch
C:\Users\tyler\Desktop\GitHub\HUNTS\pipeline\RAW\hunt_unit_database\2016\pdf\harvest_report\F6DB57FB__2016_antlerless_hr.pdf,F6DB57FB__2016_antlerless_hr.pdf,2016_antlerless_hr.pdf,harvest_report,2016,2016,2017,y4,model_year_mismatch
C:\Users\tyler\Desktop\GitHub\HUNTS\pipeline\RAW\hunt_unit_database\2016\pdf\harvest_report\FD22B2D9__2016_n_slope_three_corners_goslin_bh.pdf,FD22B2D9__2016_n_slope_three_corners_goslin_bh.pdf,2016_n_slope_three_corners_goslin_bh.pdf,harvest_report,2016,2016,2017,y4,model_year_mismatch
C:\Users\tyler\Desktop\GitHub\HUNTS\pipeline\RAW\hunt_unit_database\2017\pdf\harvest_report\043488DC__2017_le_oial_hr.pdf,043488DC__2017_le_oial_hr.pdf,2017_le_oial_hr.pdf,harvest_report,2017,2017,2018,y4,model_year_mismatch
C:\Users\tyler\Desktop\GitHub\HUNTS\pipeline\RAW\hunt_unit_database\2017\pdf\harvest_report\0FE6BFCA__2017_gs_deer_hr.pdf,0FE6BFCA__2017_gs_deer_hr.pdf,2017_gs_deer_hr.pdf,harvest_report,2017,2017,2018,y4,model_year_mismatch
C:\Users\tyler\Desktop\GitHub\HUNTS\pipeline\RAW\hunt_unit_database\2017\pdf\harvest_report\17E33C4D__2017-LaSalPotash_bighorn.pdf,17E33C4D__2017-LaSalPotash_bighorn.pdf,2017-LaSalPotash_bighorn.pdf,harvest_report,2017,2017,2018,y4,model_year_mismatch
C:\Users\tyler\Desktop\GitHub\HUNTS\pipeline\RAW\hunt_unit_database\2017\pdf\harvest_report\50D4A2A1__2017-OakCreek_bighorn.pdf,50D4A2A1__2017-OakCreek_bighorn.pdf,2017-OakCreek_bighorn.pdf,harvest_report,2017,2017,2018,y4,model_year_mismatch
C:\Users\tyler\Desktop\GitHub\HUNTS\pipeline\RAW\hunt_unit_database\2017\pdf\harvest_report\6AECF376__2017-bighorn_harvest.pdf,6AECF376__2017-bighorn_harvest.pdf,2017-bighorn_harvest.pdf,harvest_report,2017,2017,2018,y4,model_year_mismatch
C:\Users\tyler\Desktop\GitHub\HUNTS\pipeline\RAW\hunt_unit_database\2017\pdf\harvest_report\9C65D960__2017-SanJuanLockhart_bighorn.pdf,9C65D960__2017-SanJuanLockhart_bighorn.pdf,2017-SanJuanLockhart_bighorn.pdf,harvest_report,2017,2017,2018,y4,model_year_mismatch
C:\Users\tyler\Desktop\GitHub\HUNTS\pipeline\RAW\hunt_unit_database\2017\pdf\harvest_report\B37EDE43__2017-KaiparowitsEscalante_bighorn.pdf,B37EDE43__2017-KaiparowitsEscalante_bighorn.pdf,2017-KaiparowitsEscalante_bighorn.pdf,harvest_report,2017,2017,2018,y4,model_year_mismatch
C:\Users\tyler\Desktop\GitHub\HUNTS\pipeline\RAW\hunt_unit_database\2017\pdf\harvest_report\DA57FA0D__2017_antlerless_hr.pdf,DA57FA0D__2017_antlerless_hr.pdf,2017_antlerless_hr.pdf,harvest_report,2017,2017,2018,y4,model_year_mismatch
C:\Users\tyler\Desktop\GitHub\HUNTS\pipeline\RAW\hunt_unit_database\2017\pdf\harvest_report\E0B518C9__2017-SanJuanNorth_bighorn.pdf,E0B518C9__2017-SanJuanNorth_bighorn.pdf,2017-SanJuanNorth_bighorn.pdf,harvest_report,2017,2017,2018,y4,model_year_mismatch
C:\Users\tyler\Desktop\GitHub\HUNTS\pipeline\RAW\hunt_unit_database\2017\pdf\harvest_report\E58C632D__2017-SanJuanSouth_bighorn.pdf,E58C632D__2017-SanJuanSouth_bighorn.pdf,2017-SanJuanSouth_bighorn.pdf,harvest_report,2017,2017,2018,y4,model_year_mismatch
C:\Users\tyler\Desktop\GitHub\HUNTS\pipeline\RAW\hunt_unit_database\2017\pdf\harvest_report\E6D3F0AB__2017-SanJuanRiver_bighorn.pdf,E6D3F0AB__2017-SanJuanRiver_bighorn.pdf,2017-SanJuanRiver_bighorn.pdf,harvest_report,2017,2017,2018,y4,model_year_mismatch
C:\Users\tyler\Desktop\GitHub\HUNTS\pipeline\RAW\hunt_unit_database\2018\pdf\harvest_report\11339B18__2018-kaiparowits.pdf,11339B18__2018-kaiparowits.pdf,2018-kaiparowits.pdf,harvest_report,2018,2018,2019,y4,model_year_mismatch
C:\Users\tyler\Desktop\GitHub\HUNTS\pipeline\RAW\hunt_unit_database\2018\pdf\harvest_report\17C7BBEA__2018-zion.pdf,17C7BBEA__2018-zion.pdf,2018-zion.pdf,harvest_report,2018,2018,2019,y4,model_year_mismatch
C:\Users\tyler\Desktop\GitHub\HUNTS\pipeline\RAW\hunt_unit_database\2018\pdf\harvest_report\2BBB0C1A__2018-north-slope-red-canyon.pdf,2BBB0C1A__2018-north-slope-red-canyon.pdf,2018-north-slope-red-canyon.pdf,harvest_report,2018,2018,2019,y4,model_year_mismatch
C:\Users\tyler\Desktop\GitHub\HUNTS\pipeline\RAW\hunt_unit_database\2018\pdf\harvest_report\2DC08B69__2018-north-slope-sheep-creek.pdf,2DC08B69__2018-north-slope-sheep-creek.pdf,2018-north-slope-sheep-creek.pdf,harvest_report,2018,2018,2019,y4,model_year_mismatch
C:\Users\tyler\Desktop\GitHub\HUNTS\pipeline\RAW\hunt_unit_database\2018\pdf\harvest_report\39C8D045__2018-north-slope-bare-top.pdf,39C8D045__2018-north-slope-bare-top.pdf,2018-north-slope-bare-top.pdf,harvest_report,2018,2018,2019,y4,model_year_mismatch
C:\Users\tyler\Desktop\GitHub\HUNTS\pipeline\RAW\hunt_unit_database\2018\pdf\harvest_report\5362D4A1__2018-san-rafael-south.pdf,5362D4A1__2018-san-rafael-south.pdf,2018-san-rafael-south.pdf,harvest_report,2018,2018,2019,y4,model_year_mismatch
C:\Users\tyler\Desktop\GitHub\HUNTS\pipeline\RAW\hunt_unit_database\2018\pdf\harvest_report\58B665E2__2018-wasatch-west.pdf,58B665E2__2018-wasatch-west.pdf,2018-wasatch-west.pdf,harvest_report,2018,2018,2019,y4,model_year_mismatch
C:\Users\tyler\Desktop\GitHub\HUNTS\pipeline\RAW\hunt_unit_database\2018\pdf\harvest_report\714AD5F1__2018-north-slope-hoop-lake.pdf,714AD5F1__2018-north-slope-hoop-lake.pdf,2018-north-slope-hoop-lake.pdf,harvest_report,2018,2018,2019,y4,model_year_mismatch
C:\Users\tyler\Desktop\GitHub\HUNTS\pipeline\RAW\hunt_unit_database\2018\pdf\harvest_report\998F5948__2018-harvest-data.pdf,998F5948__2018-harvest-data.pdf,2018-harvest-data.pdf,harvest_report,2018,2018,2019,y4,model_year_mismatch
C:\Users\tyler\Desktop\GitHub\HUNTS\pipeline\RAW\hunt_unit_database\2018\pdf\harvest_report\9AA76DD4__2018-central-mtns-nebo.pdf,9AA76DD4__2018-central-mtns-nebo.pdf,2018-central-mtns-nebo.pdf,harvest_report,2018,2018,2019,y4,model_year_mismatch
C:\Users\tyler\Desktop\GitHub\HUNTS\pipeline\RAW\hunt_unit_database\2018\pdf\harvest_report\9F5340DF__2018-north-slope-goslin.pdf,9F5340DF__2018-north-slope-goslin.pdf,2018-north-slope-goslin.pdf,harvest_report,2018,2018,2019,y4,model_year_mismatch
C:\Users\tyler\Desktop\GitHub\HUNTS\pipeline\RAW\hunt_unit_database\2018\pdf\harvest_report\ECDA0F1D__2018_le_oial_hr.pdf,ECDA0F1D__2018_le_oial_hr.pdf,2018_le_oial_hr.pdf,harvest_report,2018,2018,2019,y4,model_year_mismatch
C:\Users\tyler\Desktop\GitHub\HUNTS\pipeline\RAW\hunt_unit_database\2018\pdf\harvest_report\F157C927__2018-san-rafael-north.pdf,F157C927__2018-san-rafael-north.pdf,2018-san-rafael-north.pdf,harvest_report,2018,2018,2019,y4,model_year_mismatch
C:\Users\tyler\Desktop\GitHub\HUNTS\pipeline\RAW\hunt_unit_database\2018\pdf\harvest_report\F3F82840__2018_gs_deer_hr.pdf,F3F82840__2018_gs_deer_hr.pdf,2018_gs_deer_hr.pdf,harvest_report,2018,2018,2019,y4,model_year_mismatch
C:\Users\tyler\Desktop\GitHub\HUNTS\pipeline\RAW\hunt_unit_database\2018\pdf\harvest_report\F5CE0D15__2018_antlerless_hr.pdf,F5CE0D15__2018_antlerless_hr.pdf,2018_antlerless_hr.pdf,harvest_report,2018,2018,2019,y4,model_year_mismatch
C:\Users\tyler\Desktop\GitHub\HUNTS\pipeline\RAW\hunt_unit_database\2019\pdf\harvest_report\21F05C54__2019-nine-mile-range-creek.pdf,21F05C54__2019-nine-mile-range-creek.pdf,2019-nine-mile-range-creek.pdf,harvest_report,2019,2019,2020,y4,model_year_mismatch
C:\Users\tyler\Desktop\GitHub\HUNTS\pipeline\RAW\hunt_unit_database\2019\pdf\harvest_report\494E8D81__2019_antlerless_hr.pdf,494E8D81__2019_antlerless_hr.pdf,2019_antlerless_hr.pdf,harvest_report,2019,2019,2020,y4,model_year_mismatch
C:\Users\tyler\Desktop\GitHub\HUNTS\pipeline\RAW\hunt_unit_database\2019\pdf\harvest_report\4B03444B__2019-book-cliffs-rattlesnake.pdf,4B03444B__2019-book-cliffs-rattlesnake.pdf,2019-book-cliffs-rattlesnake.pdf,harvest_report,2019,2019,2020,y4,model_year_mismatch
C:\Users\tyler\Desktop\GitHub\HUNTS\pipeline\RAW\hunt_unit_database\2019\pdf\harvest_report\53131416__2019-oquirrh-stansbury.pdf,53131416__2019-oquirrh-stansbury.pdf,2019-oquirrh-stansbury.pdf,harvest_report,2019,2019,2020,y4,model_year_mismatch
C:\Users\tyler\Desktop\GitHub\HUNTS\pipeline\RAW\hunt_unit_database\2019\pdf\harvest_report\9AB7DD4C__2019-san-juan-north.pdf,9AB7DD4C__2019-san-juan-north.pdf,2019-san-juan-north.pdf,harvest_report,2019,2019,2020,y4,model_year_mismatch
C:\Users\tyler\Desktop\GitHub\HUNTS\pipeline\RAW\hunt_unit_database\2019\pdf\harvest_report\AF2F3783__2019-san-rafael-dirty-devil.pdf,AF2F3783__2019-san-rafael-dirty-devil.pdf,2019-san-rafael-dirty-devil.pdf,harvest_report,2019,2019,2020,y4,model_year_mismatch
C:\Users\tyler\Desktop\GitHub\HUNTS\pipeline\RAW\hunt_unit_database\2019\pdf\harvest_report\CB027DE6__2019-henry-mountains.pdf,CB027DE6__2019-henry-mountains.pdf,2019-henry-mountains.pdf,harvest_report,2019,2019,2020,y4,model_year_mismatch
C:\Users\tyler\Desktop\GitHub\HUNTS\pipeline\RAW\hunt_unit_database\2019\pdf\harvest_report\D0579D88__2019-harvest-data.pdf,D0579D88__2019-harvest-data.pdf,2019-harvest-data.pdf,harvest_report,2019,2019,2020,y4,model_year_mismatch
C:\Users\tyler\Desktop\GitHub\HUNTS\pipeline\RAW\hunt_unit_database\2019\pdf\harvest_report\E3B82D73__2019_gs_deer_hr.pdf,E3B82D73__2019_gs_deer_hr.pdf,2019_gs_deer_hr.pdf,harvest_report,2019,2019,2020,y4,model_year_mismatch
C:\Users\tyler\Desktop\GitHub\HUNTS\pipeline\RAW\hunt_unit_database\2019\pdf\harvest_report\F4D5A08B__2019-box-elder-newfoundland.pdf,F4D5A08B__2019-box-elder-newfoundland.pdf,2019-box-elder-newfoundland.pdf,harvest_report,2019,2019,2020,y4,model_year_mismatch
C:\Users\tyler\Desktop\GitHub\HUNTS\pipeline\RAW\hunt_unit_database\2019\pdf\harvest_report\F64065F0__2019-fillmore-oak-creek.pdf,F64065F0__2019-fillmore-oak-creek.pdf,2019-fillmore-oak-creek.pdf,harvest_report,2019,2019,2020,y4,model_year_mismatch
C:\Users\tyler\Desktop\GitHub\HUNTS\pipeline\RAW\hunt_unit_database\2019\pdf\harvest_report\F9A1C29D__2019_le_oial_all.pdf,F9A1C29D__2019_le_oial_all.pdf,2019_le_oial_all.pdf,harvest_report,2019,2019,2020,y4,model_year_mismatch
C:\Users\tyler\Desktop\GitHub\HUNTS\pipeline\RAW\hunt_unit_database\2019\pdf\harvest_report\FF6C99FD__2019-pine-valley.pdf,FF6C99FD__2019-pine-valley.pdf,2019-pine-valley.pdf,harvest_report,2019,2019,2020,y4,model_year_mismatch
C:\Users\tyler\Desktop\GitHub\HUNTS\pipeline\RAW\hunt_unit_database\2020\pdf\draw_odds\5213601e__turkey_2020_turkey_bonus_points_draw_results.pdf,5213601e__turkey_2020_turkey_bonus_points_draw_results.pdf,turkey_2020_turkey_bonus_points_draw_results.pdf,draw_odds,2020,2020,2021,y4,model_year_mismatch
C:\Users\tyler\Desktop\GitHub\HUNTS\pipeline\RAW\hunt_unit_database\2020\pdf\draw_odds\68991b97__turkey_2020_youth_turkey_draw_results.pdf,68991b97__turkey_2020_youth_turkey_draw_results.pdf,turkey_2020_youth_turkey_draw_results.pdf,draw_odds,2020,2020,2021,y4,model_year_mismatch
C:\Users\tyler\Desktop\GitHub\HUNTS\pipeline\RAW\hunt_unit_database\2020\pdf\harvest_report\0461C97A__2020_le_oial_all.pdf,0461C97A__2020_le_oial_all.pdf,2020_le_oial_all.pdf,harvest_report,2020,2020,2021,y4,model_year_mismatch
C:\Users\tyler\Desktop\GitHub\HUNTS\pipeline\RAW\hunt_unit_database\2020\pdf\harvest_report\0B112A6A__2020_antlerless_hr.pdf,0B112A6A__2020_antlerless_hr.pdf,2020_antlerless_hr.pdf,harvest_report,2020,2020,2021,y4,model_year_mismatch
C:\Users\tyler\Desktop\GitHub\HUNTS\pipeline\RAW\hunt_unit_database\2020\pdf\harvest_report\2020A1B2__conservation_permit_report_2023.pdf,2020A1B2__conservation_permit_report_2023.pdf,conservation_permit_report_2023.pdf,harvest_report,2020,2023,2024,y4,model_year_mismatch
C:\Users\tyler\Desktop\GitHub\HUNTS\pipeline\RAW\hunt_unit_database\2020\pdf\harvest_report\20_bg_harvest_report.pdf,20_bg_harvest_report.pdf,20_bg_harvest_report.pdf,harvest_report,2020,2020,2021,y2_leading,model_year_mismatch
C:\Users\tyler\Desktop\GitHub\HUNTS\pipeline\RAW\hunt_unit_database\2020\pdf\harvest_report\3D2221CC__2020-central-mtns-nebo.pdf,3D2221CC__2020-central-mtns-nebo.pdf,2020-central-mtns-nebo.pdf,harvest_report,2020,2020,2021,y4,model_year_mismatch
C:\Users\tyler\Desktop\GitHub\HUNTS\pipeline\RAW\hunt_unit_database\2020\pdf\harvest_report\4C032162__2020-harvest-data.pdf,4C032162__2020-harvest-data.pdf,2020-harvest-data.pdf,harvest_report,2020,2020,2021,y4,model_year_mismatch
C:\Users\tyler\Desktop\GitHub\HUNTS\pipeline\RAW\hunt_unit_database\2020\pdf\harvest_report\71A9E811__2020-north-slope-red-canyon.pdf,71A9E811__2020-north-slope-red-canyon.pdf,2020-north-slope-red-canyon.pdf,harvest_report,2020,2020,2021,y4,model_year_mismatch
C:\Users\tyler\Desktop\GitHub\HUNTS\pipeline\RAW\hunt_unit_database\2020\pdf\harvest_report\847a57a8__mixed_2020-21.pdf,847a57a8__mixed_2020-21.pdf,mixed_2020-21.pdf,harvest_report,2020,2020,2021,y4,model_year_mismatch
C:\Users\tyler\Desktop\GitHub\HUNTS\pipeline\RAW\hunt_unit_database\2020\pdf\harvest_report\8D421406__2020_gs_buck_deer_hr.pdf,8D421406__2020_gs_buck_deer_hr.pdf,2020_gs_buck_deer_hr.pdf,harvest_report,2020,2020,2021,y4,model_year_mismatch
C:\Users\tyler\Desktop\GitHub\HUNTS\pipeline\RAW\hunt_unit_database\2020\pdf\harvest_report\8EA9424D__2020-la-sal-potash.pdf,8EA9424D__2020-la-sal-potash.pdf,2020-la-sal-potash.pdf,harvest_report,2020,2020,2021,y4,model_year_mismatch
C:\Users\tyler\Desktop\GitHub\HUNTS\pipeline\RAW\hunt_unit_database\2020\pdf\harvest_report\97AF213E__2020-north-slope-goslin-mtn.pdf,97AF213E__2020-north-slope-goslin-mtn.pdf,2020-north-slope-goslin-mtn.pdf,harvest_report,2020,2020,2021,y4,model_year_mismatch
C:\Users\tyler\Desktop\GitHub\HUNTS\pipeline\RAW\hunt_unit_database\2020\pdf\harvest_report\a34306f2__bear_2020.pdf,a34306f2__bear_2020.pdf,bear_2020.pdf,harvest_report,2020,2020,2021,y4,model_year_mismatch
C:\Users\tyler\Desktop\GitHub\HUNTS\pipeline\RAW\hunt_unit_database\2020\pdf\harvest_report\a7d1d7ba__cougar_2020.pdf,a7d1d7ba__cougar_2020.pdf,cougar_2020.pdf,harvest_report,2020,2020,2021,y4,model_year_mismatch
C:\Users\tyler\Desktop\GitHub\HUNTS\pipeline\RAW\hunt_unit_database\2020\pdf\harvest_report\ABA2F9C3__2020-san-juan-north.pdf,ABA2F9C3__2020-san-juan-north.pdf,2020-san-juan-north.pdf,harvest_report,2020,2020,2021,y4,model_year_mismatch
C:\Users\tyler\Desktop\GitHub\HUNTS\pipeline\RAW\hunt_unit_database\2020\pdf\harvest_report\AD0B9A6E__2020-kaiparowits-escalante.pdf,AD0B9A6E__2020-kaiparowits-escalante.pdf,2020-kaiparowits-escalante.pdf,harvest_report,2020,2020,2021,y4,model_year_mismatch
C:\Users\tyler\Desktop\GitHub\HUNTS\pipeline\RAW\hunt_unit_database\2020\pdf\harvest_report\AEF83DEF__2020-wasatch-mtns-west.pdf,AEF83DEF__2020-wasatch-mtns-west.pdf,2020-wasatch-mtns-west.pdf,harvest_report,2020,2020,2021,y4,model_year_mismatch
C:\Users\tyler\Desktop\GitHub\HUNTS\pipeline\RAW\hunt_unit_database\2020\pdf\harvest_report\bd5fef65__2020.pdf,bd5fef65__2020.pdf,2020.pdf,harvest_report,2020,2020,2021,y4,model_year_mismatch
C:\Users\tyler\Desktop\GitHub\HUNTS\pipeline\RAW\hunt_unit_database\2020\pdf\harvest_report\C939DB7B__2020-north-slope-bare-top.pdf,C939DB7B__2020-north-slope-bare-top.pdf,2020-north-slope-bare-top.pdf,harvest_report,2020,2020,2021,y4,model_year_mismatch
C:\Users\tyler\Desktop\GitHub\HUNTS\pipeline\RAW\hunt_unit_database\2020\pdf\harvest_report\D4C661D9__2020-san-juan-south.pdf,D4C661D9__2020-san-juan-south.pdf,2020-san-juan-south.pdf,harvest_report,2020,2020,2021,y4,model_year_mismatch
C:\Users\tyler\Desktop\GitHub\HUNTS\pipeline\RAW\hunt_unit_database\2020\pdf\harvest_report\DED44DA9__2020-san-juan-river.pdf,DED44DA9__2020-san-juan-river.pdf,2020-san-juan-river.pdf,harvest_report,2020,2020,2021,y4,model_year_mismatch
C:\Users\tyler\Desktop\GitHub\HUNTS\pipeline\RAW\hunt_unit_database\2020\pdf\harvest_report\EC6B4470__2020-san-juan-lockhart.pdf,EC6B4470__2020-san-juan-lockhart.pdf,2020-san-juan-lockhart.pdf,harvest_report,2020,2020,2021,y4,model_year_mismatch
C:\Users\tyler\Desktop\GitHub\HUNTS\pipeline\RAW\hunt_unit_database\2020\pdf\harvest_report\F30B053D__2020-north-slope-sheep-creek.pdf,F30B053D__2020-north-slope-sheep-creek.pdf,2020-north-slope-sheep-creek.pdf,harvest_report,2020,2020,2021,y4,model_year_mismatch
C:\Users\tyler\Desktop\GitHub\HUNTS\pipeline\RAW\hunt_unit_database\2021\pdf\draw_odds\3deb930b__turkey_2021_youth_turkey_draw_results.pdf,3deb930b__turkey_2021_youth_turkey_draw_results.pdf,turkey_2021_youth_turkey_draw_results.pdf,draw_odds,2021,2021,2022,y4,model_year_mismatch
C:\Users\tyler\Desktop\GitHub\HUNTS\pipeline\RAW\hunt_unit_database\2021\pdf\draw_odds\b4710a7f__black_bear_21_drawing_odds.pdf,b4710a7f__black_bear_21_drawing_odds.pdf,black_bear_21_drawing_odds.pdf,draw_odds,2021,2021,2022,y2_tag,model_year_mismatch
C:\Users\tyler\Desktop\GitHub\HUNTS\pipeline\RAW\hunt_unit_database\2021\pdf\draw_odds\baa2fb5d__turkey_2021_turkey_bonus_points_draw_results.pdf,baa2fb5d__turkey_2021_turkey_bonus_points_draw_results.pdf,turkey_2021_turkey_bonus_points_draw_results.pdf,draw_odds,2021,2021,2022,y4,model_year_mismatch
C:\Users\tyler\Desktop\GitHub\HUNTS\pipeline\RAW\hunt_unit_database\2021\pdf\harvest_report\03E16E00__2021-north-slope-red-canyon.pdf,03E16E00__2021-north-slope-red-canyon.pdf,2021-north-slope-red-canyon.pdf,harvest_report,2021,2021,2022,y4,model_year_mismatch
C:\Users\tyler\Desktop\GitHub\HUNTS\pipeline\RAW\hunt_unit_database\2021\pdf\harvest_report\043E31A3__2021-north-slope-bare-top.pdf,043E31A3__2021-north-slope-bare-top.pdf,2021-north-slope-bare-top.pdf,harvest_report,2021,2021,2022,y4,model_year_mismatch
C:\Users\tyler\Desktop\GitHub\HUNTS\pipeline\RAW\hunt_unit_database\2021\pdf\harvest_report\1AAF42C7__2021-san-rafael-north.pdf,1AAF42C7__2021-san-rafael-north.pdf,2021-san-rafael-north.pdf,harvest_report,2021,2021,2022,y4,model_year_mismatch
C:\Users\tyler\Desktop\GitHub\HUNTS\pipeline\RAW\hunt_unit_database\2021\pdf\harvest_report\21_black_bear_report.pdf,21_black_bear_report.pdf,21_black_bear_report.pdf,harvest_report,2021,2021,2022,y2_leading,model_year_mismatch
C:\Users\tyler\Desktop\GitHub\HUNTS\pipeline\RAW\hunt_unit_database\2021\pdf\harvest_report\22_bg_harvest_report.pdf,22_bg_harvest_report.pdf,22_bg_harvest_report.pdf,harvest_report,2021,2022,2023,y2_leading,model_year_mismatch
C:\Users\tyler\Desktop\GitHub\HUNTS\pipeline\RAW\hunt_unit_database\2021\pdf\harvest_report\22_black_bear_report.pdf,22_black_bear_report.pdf,22_black_bear_report.pdf,harvest_report,2021,2022,2023,y2_leading,model_year_mismatch
C:\Users\tyler\Desktop\GitHub\HUNTS\pipeline\RAW\hunt_unit_database\2021\pdf\harvest_report\2795C467__2021_gs_buck_deer_hr.pdf,2795C467__2021_gs_buck_deer_hr.pdf,2021_gs_buck_deer_hr.pdf,harvest_report,2021,2021,2022,y4,model_year_mismatch
C:\Users\tyler\Desktop\GitHub\HUNTS\pipeline\RAW\hunt_unit_database\2021\pdf\harvest_report\2A5894B9__2021_antlerless_hr.pdf,2A5894B9__2021_antlerless_hr.pdf,2021_antlerless_hr.pdf,harvest_report,2021,2021,2022,y4,model_year_mismatch
C:\Users\tyler\Desktop\GitHub\HUNTS\pipeline\RAW\hunt_unit_database\2021\pdf\harvest_report\62474ddf__bear_2021.pdf,62474ddf__bear_2021.pdf,bear_2021.pdf,harvest_report,2021,2021,2022,y4,model_year_mismatch
C:\Users\tyler\Desktop\GitHub\HUNTS\pipeline\RAW\hunt_unit_database\2021\pdf\harvest_report\670BA679__2021-north-slope-sheep-creek.pdf,670BA679__2021-north-slope-sheep-creek.pdf,2021-north-slope-sheep-creek.pdf,harvest_report,2021,2021,2022,y4,model_year_mismatch
C:\Users\tyler\Desktop\GitHub\HUNTS\pipeline\RAW\hunt_unit_database\2021\pdf\harvest_report\6ACC2AEA__2021_le_oial_all.pdf,6ACC2AEA__2021_le_oial_all.pdf,2021_le_oial_all.pdf,harvest_report,2021,2021,2022,y4,model_year_mismatch
C:\Users\tyler\Desktop\GitHub\HUNTS\pipeline\RAW\hunt_unit_database\2021\pdf\harvest_report\77105EC4__2021-box-elder-newfoundland-mtn.pdf,77105EC4__2021-box-elder-newfoundland-mtn.pdf,2021-box-elder-newfoundland-mtn.pdf,harvest_report,2021,2021,2022,y4,model_year_mismatch
C:\Users\tyler\Desktop\GitHub\HUNTS\pipeline\RAW\hunt_unit_database\2021\pdf\harvest_report\7AA56ADB__2021-north-slope-goslin-mtn.pdf,7AA56ADB__2021-north-slope-goslin-mtn.pdf,2021-north-slope-goslin-mtn.pdf,harvest_report,2021,2021,2022,y4,model_year_mismatch
C:\Users\tyler\Desktop\GitHub\HUNTS\pipeline\RAW\hunt_unit_database\2021\pdf\harvest_report\84EA3C5A__2021_antlerless_hr.pdf,84EA3C5A__2021_antlerless_hr.pdf,2021_antlerless_hr.pdf,harvest_report,2021,2021,2022,y4,model_year_mismatch
C:\Users\tyler\Desktop\GitHub\HUNTS\pipeline\RAW\hunt_unit_database\2021\pdf\harvest_report\86C2219B__2021-stansbury.pdf,86C2219B__2021-stansbury.pdf,2021-stansbury.pdf,harvest_report,2021,2021,2022,y4,model_year_mismatch
C:\Users\tyler\Desktop\GitHub\HUNTS\pipeline\RAW\hunt_unit_database\2021\pdf\harvest_report\8817544e__cougar_2021.pdf,8817544e__cougar_2021.pdf,cougar_2021.pdf,harvest_report,2021,2021,2022,y4,model_year_mismatch
C:\Users\tyler\Desktop\GitHub\HUNTS\pipeline\RAW\hunt_unit_database\2021\pdf\harvest_report\9F8E4D0B__2021-kaiparowits-east-west.pdf,9F8E4D0B__2021-kaiparowits-east-west.pdf,2021-kaiparowits-east-west.pdf,harvest_report,2021,2021,2022,y4,model_year_mismatch
C:\Users\tyler\Desktop\GitHub\HUNTS\pipeline\RAW\hunt_unit_database\2021\pdf\harvest_report\a62a6cbd__mixed_2021-22.pdf,a62a6cbd__mixed_2021-22.pdf,mixed_2021-22.pdf,harvest_report,2021,2021,2022,y4,model_year_mismatch
C:\Users\tyler\Desktop\GitHub\HUNTS\pipeline\RAW\hunt_unit_database\2021\pdf\harvest_report\ABB95D60__2021-harvest-data.pdf,ABB95D60__2021-harvest-data.pdf,2021-harvest-data.pdf,harvest_report,2021,2021,2022,y4,model_year_mismatch
C:\Users\tyler\Desktop\GitHub\HUNTS\pipeline\RAW\hunt_unit_database\2021\pdf\harvest_report\b03e968a__2021.pdf,b03e968a__2021.pdf,2021.pdf,harvest_report,2021,2021,2022,y4,model_year_mismatch
C:\Users\tyler\Desktop\GitHub\HUNTS\pipeline\RAW\hunt_unit_database\2021\pdf\harvest_report\B7C6169F__2021-box-elder-pilot-mtn.pdf,B7C6169F__2021-box-elder-pilot-mtn.pdf,2021-box-elder-pilot-mtn.pdf,harvest_report,2021,2021,2022,y4,model_year_mismatch
C:\Users\tyler\Desktop\GitHub\HUNTS\pipeline\RAW\hunt_unit_database\2021\pdf\harvest_report\D014E894__2021-san-rafael-south.pdf,D014E894__2021-san-rafael-south.pdf,2021-san-rafael-south.pdf,harvest_report,2021,2021,2022,y4,model_year_mismatch
C:\Users\tyler\Desktop\GitHub\HUNTS\pipeline\RAW\hunt_unit_database\2021\pdf\harvest_report\E8ECB6F8__2021-zion.pdf,E8ECB6F8__2021-zion.pdf,2021-zion.pdf,harvest_report,2021,2021,2022,y4,model_year_mismatch
C:\Users\tyler\Desktop\GitHub\HUNTS\pipeline\RAW\hunt_unit_database\2022\pdf\draw_odds\85ebe309__turkey_2022_youth_turkey_draw_results.pdf,85ebe309__turkey_2022_youth_turkey_draw_results.pdf,turkey_2022_youth_turkey_draw_results.pdf,draw_odds,2022,2022,2023,y4,model_year_mismatch
C:\Users\tyler\Desktop\GitHub\HUNTS\pipeline\RAW\hunt_unit_database\2022\pdf\draw_odds\d534ae44__turkey_2022_turkey_bonus_points_draw_results.pdf,d534ae44__turkey_2022_turkey_bonus_points_draw_results.pdf,turkey_2022_turkey_bonus_points_draw_results.pdf,draw_odds,2022,2022,2023,y4,model_year_mismatch
C:\Users\tyler\Desktop\GitHub\HUNTS\pipeline\RAW\hunt_unit_database\2022\pdf\draw_odds\eff53094__black_bear_22_drawing_odds.pdf,eff53094__black_bear_22_drawing_odds.pdf,black_bear_22_drawing_odds.pdf,draw_odds,2022,2022,2023,y2_tag,model_year_mismatch
C:\Users\tyler\Desktop\GitHub\HUNTS\pipeline\RAW\hunt_unit_database\2022\pdf\harvest_report\2173f802__2022.pdf,2173f802__2022.pdf,2022.pdf,harvest_report,2022,2022,2023,y4,model_year_mismatch
C:\Users\tyler\Desktop\GitHub\HUNTS\pipeline\RAW\hunt_unit_database\2022\pdf\harvest_report\5E321DA5__2022-harvest-data.pdf,5E321DA5__2022-harvest-data.pdf,2022-harvest-data.pdf,harvest_report,2022,2022,2023,y4,model_year_mismatch
C:\Users\tyler\Desktop\GitHub\HUNTS\pipeline\RAW\hunt_unit_database\2022\pdf\harvest_report\7406bf15__mixed_2022-23.pdf,7406bf15__mixed_2022-23.pdf,mixed_2022-23.pdf,harvest_report,2022,2022,2023,y4,model_year_mismatch
C:\Users\tyler\Desktop\GitHub\HUNTS\pipeline\RAW\hunt_unit_database\2022\pdf\harvest_report\884746C2__2022-henry-mountains.pdf,884746C2__2022-henry-mountains.pdf,2022-henry-mountains.pdf,harvest_report,2022,2022,2023,y4,model_year_mismatch
C:\Users\tyler\Desktop\GitHub\HUNTS\pipeline\RAW\hunt_unit_database\2022\pdf\harvest_report\968EFF87__2022_le_oial_all.pdf,968EFF87__2022_le_oial_all.pdf,2022_le_oial_all.pdf,harvest_report,2022,2022,2023,y4,model_year_mismatch
C:\Users\tyler\Desktop\GitHub\HUNTS\pipeline\RAW\hunt_unit_database\2022\pdf\harvest_report\99d034bd__bear_2022.pdf,99d034bd__bear_2022.pdf,bear_2022.pdf,harvest_report,2022,2022,2023,y4,model_year_mismatch
C:\Users\tyler\Desktop\GitHub\HUNTS\pipeline\RAW\hunt_unit_database\2022\pdf\harvest_report\9cb7bd59__cougar_2022.pdf,9cb7bd59__cougar_2022.pdf,cougar_2022.pdf,harvest_report,2022,2022,2023,y4,model_year_mismatch
C:\Users\tyler\Desktop\GitHub\HUNTS\pipeline\RAW\hunt_unit_database\2022\pdf\harvest_report\C9789032__2022-mineral-mtns.pdf,C9789032__2022-mineral-mtns.pdf,2022-mineral-mtns.pdf,harvest_report,2022,2022,2023,y4,model_year_mismatch
C:\Users\tyler\Desktop\GitHub\HUNTS\pipeline\RAW\hunt_unit_database\2022\pdf\harvest_report\CCDD6E10__2022_gs_buck_deer_hr.pdf,CCDD6E10__2022_gs_buck_deer_hr.pdf,2022_gs_buck_deer_hr.pdf,harvest_report,2022,2022,2023,y4,model_year_mismatch
C:\Users\tyler\Desktop\GitHub\HUNTS\pipeline\RAW\hunt_unit_database\2022\pdf\harvest_report\D09A33C9__2022-oak-creek.pdf,D09A33C9__2022-oak-creek.pdf,2022-oak-creek.pdf,harvest_report,2022,2022,2023,y4,model_year_mismatch
C:\Users\tyler\Desktop\GitHub\HUNTS\pipeline\RAW\hunt_unit_database\2022\pdf\harvest_report\D3E39E3F__2022-nine-mile-gray-canyon.pdf,D3E39E3F__2022-nine-mile-gray-canyon.pdf,2022-nine-mile-gray-canyon.pdf,harvest_report,2022,2022,2023,y4,model_year_mismatch
C:\Users\tyler\Desktop\GitHub\HUNTS\pipeline\RAW\hunt_unit_database\2022\pdf\harvest_report\ECBBF5FB__2022-san-rafael-dirty-devil.pdf,ECBBF5FB__2022-san-rafael-dirty-devil.pdf,2022-san-rafael-dirty-devil.pdf,harvest_report,2022,2022,2023,y4,model_year_mismatch
C:\Users\tyler\Desktop\GitHub\HUNTS\pipeline\RAW\hunt_unit_database\2022\pdf\harvest_report\FF6D4B3D__2022_antlerless_hr.pdf,FF6D4B3D__2022_antlerless_hr.pdf,2022_antlerless_hr.pdf,harvest_report,2022,2022,2023,y4,model_year_mismatch
C:\Users\tyler\Desktop\GitHub\HUNTS\pipeline\RAW\hunt_unit_database\2023\pdf\draw_odds\88bceb9e__turkey_2023_turkey_bonus_points_draw_results.pdf,88bceb9e__turkey_2023_turkey_bonus_points_draw_results.pdf,turkey_2023_turkey_bonus_points_draw_results.pdf,draw_odds,2023,2023,2024,y4,model_year_mismatch
C:\Users\tyler\Desktop\GitHub\HUNTS\pipeline\RAW\hunt_unit_database\2023\pdf\draw_odds\e91f282e__turkey_2023_youth_turkey_draw_results.pdf,e91f282e__turkey_2023_youth_turkey_draw_results.pdf,turkey_2023_youth_turkey_draw_results.pdf,draw_odds,2023,2023,2024,y4,model_year_mismatch
C:\Users\tyler\Desktop\GitHub\HUNTS\pipeline\RAW\hunt_unit_database\2023\pdf\harvest_report\0148BAF7__2023-san-juan-river.pdf,0148BAF7__2023-san-juan-river.pdf,2023-san-juan-river.pdf,harvest_report,2023,2023,2024,y4,model_year_mismatch
C:\Users\tyler\Desktop\GitHub\HUNTS\pipeline\RAW\hunt_unit_database\2023\pdf\harvest_report\0A928B4F__2023-central-mtns-nebo.pdf,0A928B4F__2023-central-mtns-nebo.pdf,2023-central-mtns-nebo.pdf,harvest_report,2023,2023,2024,y4,model_year_mismatch
C:\Users\tyler\Desktop\GitHub\HUNTS\pipeline\RAW\hunt_unit_database\2023\pdf\harvest_report\1f8e73af__2023.pdf,1f8e73af__2023.pdf,2023.pdf,harvest_report,2023,2023,2024,y4,model_year_mismatch
C:\Users\tyler\Desktop\GitHub\HUNTS\pipeline\RAW\hunt_unit_database\2023\pdf\harvest_report\2023 Hunt Success.pdf,2023 Hunt Success.pdf,2023 Hunt Success.pdf,harvest_report,2023,2023,2024,y4,model_year_mismatch
C:\Users\tyler\Desktop\GitHub\HUNTS\pipeline\RAW\hunt_unit_database\2023\pdf\harvest_report\24_bg_HARVEST_report.pdf,24_bg_HARVEST_report.pdf,24_bg_HARVEST_report.pdf,harvest_report,2023,2024,2025,y2_leading,model_year_mismatch
C:\Users\tyler\Desktop\GitHub\HUNTS\pipeline\RAW\hunt_unit_database\2023\pdf\harvest_report\24_black_bear_report.pdf,24_black_bear_report.pdf,24_black_bear_report.pdf,harvest_report,2023,2024,2025,y2_leading,model_year_mismatch
C:\Users\tyler\Desktop\GitHub\HUNTS\pipeline\RAW\hunt_unit_database\2023\pdf\harvest_report\26229CDE__23_black_bear_report.pdf,26229CDE__23_black_bear_report.pdf,23_black_bear_report.pdf,harvest_report,2023,2023,2024,y2_leading,model_year_mismatch
C:\Users\tyler\Desktop\GitHub\HUNTS\pipeline\RAW\hunt_unit_database\2023\pdf\harvest_report\28E0BDDD__2023-san-juan-lockhart.pdf,28E0BDDD__2023-san-juan-lockhart.pdf,2023-san-juan-lockhart.pdf,harvest_report,2023,2023,2024,y4,model_year_mismatch
C:\Users\tyler\Desktop\GitHub\HUNTS\pipeline\RAW\hunt_unit_database\2023\pdf\harvest_report\295db9e8__bear_2023.pdf,295db9e8__bear_2023.pdf,bear_2023.pdf,harvest_report,2023,2023,2024,y4,model_year_mismatch
C:\Users\tyler\Desktop\GitHub\HUNTS\pipeline\RAW\hunt_unit_database\2023\pdf\harvest_report\36a67499__mixed_2023-24.pdf,36a67499__mixed_2023-24.pdf,mixed_2023-24.pdf,harvest_report,2023,2023,2024,y4,model_year_mismatch
C:\Users\tyler\Desktop\GitHub\HUNTS\pipeline\RAW\hunt_unit_database\2023\pdf\harvest_report\4E8E024C__2023-harvest-data.pdf,4E8E024C__2023-harvest-data.pdf,2023-harvest-data.pdf,harvest_report,2023,2023,2024,y4,model_year_mismatch
C:\Users\tyler\Desktop\GitHub\HUNTS\pipeline\RAW\hunt_unit_database\2023\pdf\harvest_report\523038DA__2023-san-juan-south.pdf,523038DA__2023-san-juan-south.pdf,2023-san-juan-south.pdf,harvest_report,2023,2023,2024,y4,model_year_mismatch
C:\Users\tyler\Desktop\GitHub\HUNTS\pipeline\RAW\hunt_unit_database\2023\pdf\harvest_report\569943FB__2023-kaiparowits-escalante.pdf,569943FB__2023-kaiparowits-escalante.pdf,2023-kaiparowits-escalante.pdf,harvest_report,2023,2023,2024,y4,model_year_mismatch
C:\Users\tyler\Desktop\GitHub\HUNTS\pipeline\RAW\hunt_unit_database\2023\pdf\harvest_report\61FC0758__BIGHORN SHEEP 2023-harvest-data.pdf,61FC0758__BIGHORN SHEEP 2023-harvest-data.pdf,BIGHORN SHEEP 2023-harvest-data.pdf,harvest_report,2023,2023,2024,y4,model_year_mismatch
C:\Users\tyler\Desktop\GitHub\HUNTS\pipeline\RAW\hunt_unit_database\2023\pdf\harvest_report\62EF9E74__2023_le_oial_all.pdf,62EF9E74__2023_le_oial_all.pdf,2023_le_oial_all.pdf,harvest_report,2023,2023,2024,y4,model_year_mismatch
C:\Users\tyler\Desktop\GitHub\HUNTS\pipeline\RAW\hunt_unit_database\2023\pdf\harvest_report\72C08FAD__2023-la-sal-potash.pdf,72C08FAD__2023-la-sal-potash.pdf,2023-la-sal-potash.pdf,harvest_report,2023,2023,2024,y4,model_year_mismatch
C:\Users\tyler\Desktop\GitHub\HUNTS\pipeline\RAW\hunt_unit_database\2023\pdf\harvest_report\7DDF75D1__2023 ALL SPECIES HARVEST DATA.pdf,7DDF75D1__2023 ALL SPECIES HARVEST DATA.pdf,2023 ALL SPECIES HARVEST DATA.pdf,harvest_report,2023,2023,2024,y4,model_year_mismatch
C:\Users\tyler\Desktop\GitHub\HUNTS\pipeline\RAW\hunt_unit_database\2023\pdf\harvest_report\8970342F__2023-book-cliffs-south.pdf,8970342F__2023-book-cliffs-south.pdf,2023-book-cliffs-south.pdf,harvest_report,2023,2023,2024,y4,model_year_mismatch
C:\Users\tyler\Desktop\GitHub\HUNTS\pipeline\RAW\hunt_unit_database\2023\pdf\harvest_report\938F5CB7__2023-wasatch-mtns-west.pdf,938F5CB7__2023-wasatch-mtns-west.pdf,2023-wasatch-mtns-west.pdf,harvest_report,2023,2023,2024,y4,model_year_mismatch
C:\Users\tyler\Desktop\GitHub\HUNTS\pipeline\RAW\hunt_unit_database\2023\pdf\harvest_report\9CC65639__2023_gs_buck_deer_hr.pdf,9CC65639__2023_gs_buck_deer_hr.pdf,2023_gs_buck_deer_hr.pdf,harvest_report,2023,2023,2024,y4,model_year_mismatch
C:\Users\tyler\Desktop\GitHub\HUNTS\pipeline\RAW\hunt_unit_database\2023\pdf\harvest_report\A96251BE__2023_antlerless_hr.pdf,A96251BE__2023_antlerless_hr.pdf,2023_antlerless_hr.pdf,harvest_report,2023,2023,2024,y4,model_year_mismatch
C:\Users\tyler\Desktop\GitHub\HUNTS\pipeline\RAW\hunt_unit_database\2023\pdf\harvest_report\B28B99E6__2023-nine-mile-jack-creek.pdf,B28B99E6__2023-nine-mile-jack-creek.pdf,2023-nine-mile-jack-creek.pdf,harvest_report,2023,2023,2024,y4,model_year_mismatch
C:\Users\tyler\Desktop\GitHub\HUNTS\pipeline\RAW\hunt_unit_database\2023\pdf\harvest_report\B5780E69__2023-san-juan-north.pdf,B5780E69__2023-san-juan-north.pdf,2023-san-juan-north.pdf,harvest_report,2023,2023,2024,y4,model_year_mismatch
C:\Users\tyler\Desktop\GitHub\HUNTS\pipeline\RAW\hunt_unit_database\2023\pdf\harvest_report\dbd8a659__cougar_2023.pdf,dbd8a659__cougar_2023.pdf,cougar_2023.pdf,harvest_report,2023,2023,2024,y4,model_year_mismatch
C:\Users\tyler\Desktop\GitHub\HUNTS\pipeline\RAW\hunt_unit_database\2023\pdf\harvest_report\EF4D3BAC__2023-antelope-island.pdf,EF4D3BAC__2023-antelope-island.pdf,2023-antelope-island.pdf,harvest_report,2023,2023,2024,y4,model_year_mismatch
C:\Users\tyler\Desktop\GitHub\HUNTS\pipeline\RAW\hunt_unit_database\2023\pdf\regulation\9E134C35__2022-24_conservation_permits.pdf,9E134C35__2022-24_conservation_permits.pdf,2022-24_conservation_permits.pdf,regulation,2023,2022,2022,y4,model_year_mismatch
C:\Users\tyler\Desktop\GitHub\HUNTS\pipeline\RAW\hunt_unit_database\2025\pdf\draw_odds\60A861A3__25_youth_deer.pdf,60A861A3__25_youth_deer.pdf,25_youth_deer.pdf,draw_odds,2025,2025,2026,y2_leading,model_year_mismatch
C:\Users\tyler\Desktop\GitHub\HUNTS\pipeline\RAW\hunt_unit_database\2025\pdf\draw_odds\BEFCE572__25_youth_elk.pdf,BEFCE572__25_youth_elk.pdf,25_youth_elk.pdf,draw_odds,2025,2025,2026,y2_leading,model_year_mismatch
C:\Users\tyler\Desktop\GitHub\HUNTS\pipeline\RAW\hunt_unit_database\2025\pdf\draw_odds\EABAF1E2__25_lifetime_deer (1).pdf,EABAF1E2__25_lifetime_deer (1).pdf,25_lifetime_deer (1).pdf,draw_odds,2025,2025,2026,y2_leading,model_year_mismatch
C:\Users\tyler\Desktop\GitHub\HUNTS\pipeline\RAW\hunt_unit_database\2026\pdf\harvest_report\2026-03-06-2025-preliminary-bg-harvest.pdf,2026-03-06-2025-preliminary-bg-harvest.pdf,2026-03-06-2025-preliminary-bg-harvest.pdf,harvest_report,2026,2026,2027,y4,model_year_mismatch
