filename,final_path,doc_type,publish_year,model_target_year,target_year_rule
A6C6A3B6__Guide-Outfitter-Regulation-19_30_8-NMAC new mexico.pdf,D:\DOCUMENTS\GitHub\HUNTS\pipeline\raw\2030\pdf\regulation\A6C6A3B6__Guide-Outfitter-Regulation-19_30_8-NMAC new mexico.pdf,regulation,2030,2030,regulation_same_year
CB1425A7__draw_reality_engine.pdf,D:\DOCUMENTS\GitHub\HUNTS\pipeline\raw\2027\pdf\draw_odds\CB1425A7__draw_reality_engine.pdf,draw_odds,2027,2028,draw_results_to_next_year
2025_Hunt_Expo_Draw_Permit_Successful_Applicants.pdf,D:\DOCUMENTS\GitHub\HUNTS\pipeline\raw\2026\pdf\draw_odds\2025_Hunt_Expo_Draw_Permit_Successful_Applicants.pdf,draw_odds,2026,2027,draw_results_to_next_year
2025_Hunt_Expo_Draw_Permit_Successful_Applicants_short (2).pdf,D:\DOCUMENTS\GitHub\HUNTS\pipeline\raw\2026\pdf\draw_odds\2025_Hunt_Expo_Draw_Permit_Successful_Applicants_short (2).pdf,draw_odds,2026,2027,draw_results_to_next_year
25_antlerless_drawing_odds_report.pdf,D:\DOCUMENTS\GitHub\HUNTS\pipeline\raw\2026\pdf\draw_odds\25_antlerless_drawing_odds_report.pdf,draw_odds,2026,2027,draw_results_to_next_year
25_bg-odds.pdf,D:\DOCUMENTS\GitHub\HUNTS\pipeline\raw\2026\pdf\draw_odds\25_bg-odds.pdf,draw_odds,2026,2027,draw_results_to_next_year
36C65919__24_bg-odds (2026_02_06 06_23_41 UTC).pdf,D:\DOCUMENTS\GitHub\HUNTS\pipeline\raw\2026\pdf\draw_odds\36C65919__24_bg-odds (2026_02_06 06_23_41 UTC).pdf,draw_odds,2026,2027,draw_results_to_next_year
5895CB4C__25_youth_dh_odds.pdf,D:\DOCUMENTS\GitHub\HUNTS\pipeline\raw\2026\pdf\draw_odds\5895CB4C__25_youth_dh_odds.pdf,draw_odds,2026,2027,draw_results_to_next_year
82B4290A__25_dh_odds.pdf,D:\DOCUMENTS\GitHub\HUNTS\pipeline\raw\2026\pdf\draw_odds\82B4290A__25_dh_odds.pdf,draw_odds,2026,2027,draw_results_to_next_year
9CF15BD7__25_deer_odds.pdf,D:\DOCUMENTS\GitHub\HUNTS\pipeline\raw\2026\pdf\draw_odds\9CF15BD7__25_deer_odds.pdf,draw_odds,2026,2027,draw_results_to_next_year
CB58CE25__25_youth_antlerless_drawing_odds_report.pdf,D:\DOCUMENTS\GitHub\HUNTS\pipeline\raw\2026\pdf\draw_odds\CB58CE25__25_youth_antlerless_drawing_odds_report.pdf,draw_odds,2026,2027,draw_results_to_next_year
9A866B39__2026-03-06-2025-preliminary-bg-harvest.pdf,D:\DOCUMENTS\GitHub\HUNTS\pipeline\raw\2026\pdf\harvest_report\9A866B39__2026-03-06-2025-preliminary-bg-harvest.pdf,harvest_report,2026,2026,harvest_hr_applies_to_report_year
DA091461__2026-03-06-2025-preliminary-bg-harvest.pdf,D:\DOCUMENTS\GitHub\HUNTS\pipeline\raw\2026\pdf\harvest_report\DA091461__2026-03-06-2025-preliminary-bg-harvest.pdf,harvest_report,2026,2026,harvest_hr_applies_to_report_year
2D992517__Hunting Guides and Outfitters Licensing Act Rule (2026_02_06 06_23_41 UTC) (2026_02_17 05_56_28 UTC).pdf,D:\DOCUMENTS\GitHub\HUNTS\pipeline\raw\2026\pdf\regulation\2D992517__Hunting Guides and Outfitters Licensing Act Rule (2026_02_06 06_23_41 UTC) (2026_02_17 05_56_28 UTC).pdf,regulation,2026,2026,regulation_same_year
340DEBE0__(2025) Rule 657.72 (2026_02_17 01_48_10 UTC).pdf,D:\DOCUMENTS\GitHub\HUNTS\pipeline\raw\2026\pdf\regulation\340DEBE0__(2025) Rule 657.72 (2026_02_17 01_48_10 UTC).pdf,regulation,2026,2026,regulation_same_year
34B3EED6__Outfitter Guide Licensing Rule r156-79 (2026_01_19 03_35_59 UTC).pdf,D:\DOCUMENTS\GitHub\HUNTS\pipeline\raw\2026\pdf\regulation\34B3EED6__Outfitter Guide Licensing Rule r156-79 (2026_01_19 03_35_59 UTC).pdf,regulation,2026,2026,regulation_same_year
35103ACC__Final Draft Rule 657.72 (2026_02_17 01_48_10 UTC).pdf,D:\DOCUMENTS\GitHub\HUNTS\pipeline\raw\2026\pdf\regulation\35103ACC__Final Draft Rule 657.72 (2026_02_17 01_48_10 UTC).pdf,regulation,2026,2026,regulation_same_year
3F41691C__final 657.72 rule 21 (2026_02_06 06_23_41 UTC).pdf,D:\DOCUMENTS\GitHub\HUNTS\pipeline\raw\2026\pdf\regulation\3F41691C__final 657.72 rule 21 (2026_02_06 06_23_41 UTC).pdf,regulation,2026,2026,regulation_same_year
4F0C206D__20240418-Press-Release-for-BLM-Public-Lands-Rule (2026_02_06 06_23_41 UTC).pdf,D:\DOCUMENTS\GitHub\HUNTS\pipeline\raw\2026\pdf\regulation\4F0C206D__20240418-Press-Release-for-BLM-Public-Lands-Rule (2026_02_06 06_23_41 UTC).pdf,regulation,2026,2026,regulation_same_year
5BE3A5CC__An Act relating to wildlife regulation.pdf,D:\DOCUMENTS\GitHub\HUNTS\pipeline\raw\2026\pdf\regulation\5BE3A5CC__An Act relating to wildlife regulation.pdf,regulation,2026,2026,regulation_same_year
654A87FF__final rule 657  6 (2026_02_06 06_23_41 UTC).pdf,D:\DOCUMENTS\GitHub\HUNTS\pipeline\raw\2026\pdf\regulation\654A87FF__final rule 657  6 (2026_02_06 06_23_41 UTC).pdf,regulation,2026,2026,regulation_same_year
8DA4459F__UTAH STATE BULLETIN Rule 657.72 (2026_02_06 06_23_41 UTC).pdf,D:\DOCUMENTS\GitHub\HUNTS\pipeline\raw\2026\pdf\regulation\8DA4459F__UTAH STATE BULLETIN Rule 657.72 (2026_02_06 06_23_41 UTC).pdf,regulation,2026,2026,regulation_same_year
B7191F33__HB 153 shipp's initial registration rule (2026_01_18 23_35_20 UTC).pdf,D:\DOCUMENTS\GitHub\HUNTS\pipeline\raw\2026\pdf\regulation\B7191F33__HB 153 shipp's initial registration rule (2026_01_18 23_35_20 UTC).pdf,regulation,2026,2026,regulation_same_year
BFFAD65C__Final Draft Rule 657.72 (2026_01_19 02_35_53 UTC).pdf,D:\DOCUMENTS\GitHub\HUNTS\pipeline\raw\2026\pdf\regulation\BFFAD65C__Final Draft Rule 657.72 (2026_01_19 02_35_53 UTC).pdf,regulation,2026,2026,regulation_same_year
D05E71F5__Final Draft Rule 657.72 without cover pages (2026_02_06 06_23_41 UTC).pdf,D:\DOCUMENTS\GitHub\HUNTS\pipeline\raw\2026\pdf\regulation\D05E71F5__Final Draft Rule 657.72 without cover pages (2026_02_06 06_23_41 UTC).pdf,regulation,2026,2026,regulation_same_year
0b960361__Youth Dedicated Hunter deer draw results.pdf,D:\DOCUMENTS\GitHub\HUNTS\pipeline\raw\2025\pdf\draw_odds\0b960361__Youth Dedicated Hunter deer draw results.pdf,draw_odds,2025,2026,draw_results_to_next_year
0d15a76f__Youth antlerless big game draw results.pdf,D:\DOCUMENTS\GitHub\HUNTS\pipeline\raw\2025\pdf\draw_odds\0d15a76f__Youth antlerless big game draw results.pdf,draw_odds,2025,2026,draw_results_to_next_year
1fa24350__General-season buck deer draw results.pdf,D:\DOCUMENTS\GitHub\HUNTS\pipeline\raw\2025\pdf\draw_odds\1fa24350__General-season buck deer draw results.pdf,draw_odds,2025,2026,draw_results_to_next_year
24_bg-draw-results.pdf,D:\DOCUMENTS\GitHub\HUNTS\pipeline\raw\2025\pdf\draw_odds\24_bg-draw-results.pdf,draw_odds,2025,2026,draw_results_to_next_year
41f72666__Youth draw-only elk draw results.pdf,D:\DOCUMENTS\GitHub\HUNTS\pipeline\raw\2025\pdf\draw_odds\41f72666__Youth draw-only elk draw results.pdf,draw_odds,2025,2026,draw_results_to_next_year
4a61e137__turkey_2025_youth_turkey_draw_results.pdf,D:\DOCUMENTS\GitHub\HUNTS\pipeline\raw\2025\pdf\draw_odds\4a61e137__turkey_2025_youth_turkey_draw_results.pdf,draw_odds,2025,2026,draw_results_to_next_year
54bfdfc8__Big game and antlerless bonus and preference point purchase results.pdf,D:\DOCUMENTS\GitHub\HUNTS\pipeline\raw\2025\pdf\draw_odds\54bfdfc8__Big game and antlerless bonus and preference point purchase results.pdf,draw_odds,2025,2026,draw_results_to_next_year
8ab3981e__Youth general-season deer draw results.pdf,D:\DOCUMENTS\GitHub\HUNTS\pipeline\raw\2025\pdf\draw_odds\8ab3981e__Youth general-season deer draw results.pdf,draw_odds,2025,2026,draw_results_to_next_year
8c49b018__black_bear_25_drawing_odds.pdf,D:\DOCUMENTS\GitHub\HUNTS\pipeline\raw\2025\pdf\draw_odds\8c49b018__black_bear_25_drawing_odds.pdf,draw_odds,2025,2026,draw_results_to_next_year
a989fbc0__turkey_2025_turkey_bonus_points_draw_results.pdf,D:\DOCUMENTS\GitHub\HUNTS\pipeline\raw\2025\pdf\draw_odds\a989fbc0__turkey_2025_turkey_bonus_points_draw_results.pdf,draw_odds,2025,2026,draw_results_to_next_year
bc0c19b7__Lifetime general-season deer draw results.pdf,D:\DOCUMENTS\GitHub\HUNTS\pipeline\raw\2025\pdf\draw_odds\bc0c19b7__Lifetime general-season deer draw results.pdf,draw_odds,2025,2026,draw_results_to_next_year
d6f38341__Big game limited-entry &amp; once-in-a-lifetime draw results.pdf,D:\DOCUMENTS\GitHub\HUNTS\pipeline\raw\2025\pdf\draw_odds\d6f38341__Big game limited-entry &amp; once-in-a-lifetime draw results.pdf,draw_odds,2025,2026,draw_results_to_next_year
e63acbed__Antlerless big game draw results.pdf,D:\DOCUMENTS\GitHub\HUNTS\pipeline\raw\2025\pdf\draw_odds\e63acbed__Antlerless big game draw results.pdf,draw_odds,2025,2026,draw_results_to_next_year
f858371e__Dedicated Hunter deer draw results.pdf,D:\DOCUMENTS\GitHub\HUNTS\pipeline\raw\2025\pdf\draw_odds\f858371e__Dedicated Hunter deer draw results.pdf,draw_odds,2025,2026,draw_results_to_next_year
0885E81E__harvest_16-17.pdf,D:\DOCUMENTS\GitHub\HUNTS\pipeline\raw\2025\pdf\harvest_report\0885E81E__harvest_16-17.pdf,harvest_report,2025,2025,harvest_hr_applies_to_report_year
09267381__rmg_hr.pdf,D:\DOCUMENTS\GitHub\HUNTS\pipeline\raw\2025\pdf\harvest_report\09267381__rmg_hr.pdf,harvest_report,2025,2025,harvest_hr_applies_to_report_year
132824DA__le_deer_hr.pdf,D:\DOCUMENTS\GitHub\HUNTS\pipeline\raw\2025\pdf\harvest_report\132824DA__le_deer_hr.pdf,harvest_report,2025,2025,harvest_hr_applies_to_report_year
1682CEA6__harvest_22-23.pdf,D:\DOCUMENTS\GitHub\HUNTS\pipeline\raw\2025\pdf\harvest_report\1682CEA6__harvest_22-23.pdf,harvest_report,2025,2025,harvest_hr_applies_to_report_year
1768D063__harvest_06-08.pdf,D:\DOCUMENTS\GitHub\HUNTS\pipeline\raw\2025\pdf\harvest_report\1768D063__harvest_06-08.pdf,harvest_report,2025,2025,harvest_hr_applies_to_report_year
1C4F0E9A__harvest_14-15.pdf,D:\DOCUMENTS\GitHub\HUNTS\pipeline\raw\2025\pdf\harvest_report\1C4F0E9A__harvest_14-15.pdf,harvest_report,2025,2025,harvest_hr_applies_to_report_year
1EA6208D__harvest_20-21.pdf,D:\DOCUMENTS\GitHub\HUNTS\pipeline\raw\2025\pdf\harvest_report\1EA6208D__harvest_20-21.pdf,harvest_report,2025,2025,harvest_hr_applies_to_report_year
1FAED719__harvest_08-09.pdf,D:\DOCUMENTS\GitHub\HUNTS\pipeline\raw\2025\pdf\harvest_report\1FAED719__harvest_08-09.pdf,harvest_report,2025,2025,harvest_hr_applies_to_report_year
24BE0A81__bison_hr.pdf,D:\DOCUMENTS\GitHub\HUNTS\pipeline\raw\2025\pdf\harvest_report\24BE0A81__bison_hr.pdf,harvest_report,2025,2025,harvest_hr_applies_to_report_year
263AEE72__harvest_23-24.pdf,D:\DOCUMENTS\GitHub\HUNTS\pipeline\raw\2025\pdf\harvest_report\263AEE72__harvest_23-24.pdf,harvest_report,2025,2025,harvest_hr_applies_to_report_year
32D243B9__harvest_17-18.pdf,D:\DOCUMENTS\GitHub\HUNTS\pipeline\raw\2025\pdf\harvest_report\32D243B9__harvest_17-18.pdf,harvest_report,2025,2025,harvest_hr_applies_to_report_year
3A3B7D3D__harvest_21-22.pdf,D:\DOCUMENTS\GitHub\HUNTS\pipeline\raw\2025\pdf\harvest_report\3A3B7D3D__harvest_21-22.pdf,harvest_report,2025,2025,harvest_hr_applies_to_report_year
3D30D6A7__rmg_hr.pdf,D:\DOCUMENTS\GitHub\HUNTS\pipeline\raw\2025\pdf\harvest_report\3D30D6A7__rmg_hr.pdf,harvest_report,2025,2025,harvest_hr_applies_to_report_year
4031834E__harvest_10-11.pdf,D:\DOCUMENTS\GitHub\HUNTS\pipeline\raw\2025\pdf\harvest_report\4031834E__harvest_10-11.pdf,harvest_report,2025,2025,harvest_hr_applies_to_report_year
42CA207A__harvest_19-20.pdf,D:\DOCUMENTS\GitHub\HUNTS\pipeline\raw\2025\pdf\harvest_report\42CA207A__harvest_19-20.pdf,harvest_report,2025,2025,harvest_hr_applies_to_report_year
42FC2025__harvest_24-25.pdf,D:\DOCUMENTS\GitHub\HUNTS\pipeline\raw\2025\pdf\harvest_report\42FC2025__harvest_24-25.pdf,harvest_report,2025,2025,harvest_hr_applies_to_report_year
5225B918__harvest_18-19.pdf,D:\DOCUMENTS\GitHub\HUNTS\pipeline\raw\2025\pdf\harvest_report\5225B918__harvest_18-19.pdf,harvest_report,2025,2025,harvest_hr_applies_to_report_year
53E01062__harvest_12-13.pdf,D:\DOCUMENTS\GitHub\HUNTS\pipeline\raw\2025\pdf\harvest_report\53E01062__harvest_12-13.pdf,harvest_report,2025,2025,harvest_hr_applies_to_report_year
568ABC24__le_elk_hr.pdf,D:\DOCUMENTS\GitHub\HUNTS\pipeline\raw\2025\pdf\harvest_report\568ABC24__le_elk_hr.pdf,harvest_report,2025,2025,harvest_hr_applies_to_report_year
5D8BB5B5__rmbs_hr.pdf,D:\DOCUMENTS\GitHub\HUNTS\pipeline\raw\2025\pdf\harvest_report\5D8BB5B5__rmbs_hr.pdf,harvest_report,2025,2025,harvest_hr_applies_to_report_year
695744C0__harvest_15-16.pdf,D:\DOCUMENTS\GitHub\HUNTS\pipeline\raw\2025\pdf\harvest_report\695744C0__harvest_15-16.pdf,harvest_report,2025,2025,harvest_hr_applies_to_report_year
6D8417DC__le_elk_hr.pdf,D:\DOCUMENTS\GitHub\HUNTS\pipeline\raw\2025\pdf\harvest_report\6D8417DC__le_elk_hr.pdf,harvest_report,2025,2025,harvest_hr_applies_to_report_year
8208AD00__le_pronghorn_hr.pdf,D:\DOCUMENTS\GitHub\HUNTS\pipeline\raw\2025\pdf\harvest_report\8208AD00__le_pronghorn_hr.pdf,harvest_report,2025,2025,harvest_hr_applies_to_report_year
84FA0075__rmg_hr.pdf,D:\DOCUMENTS\GitHub\HUNTS\pipeline\raw\2025\pdf\harvest_report\84FA0075__rmg_hr.pdf,harvest_report,2025,2025,harvest_hr_applies_to_report_year
91EE0783__rmbs_hr.pdf,D:\DOCUMENTS\GitHub\HUNTS\pipeline\raw\2025\pdf\harvest_report\91EE0783__rmbs_hr.pdf,harvest_report,2025,2025,harvest_hr_applies_to_report_year
94BDA408__harvest_metrics_2025_preliminary.pdf,D:\DOCUMENTS\GitHub\HUNTS\pipeline\raw\2025\pdf\harvest_report\94BDA408__harvest_metrics_2025_preliminary.pdf,harvest_report,2025,2025,harvest_hr_applies_to_report_year
991FC312__rmbs_hr.pdf,D:\DOCUMENTS\GitHub\HUNTS\pipeline\raw\2025\pdf\harvest_report\991FC312__rmbs_hr.pdf,harvest_report,2025,2025,harvest_hr_applies_to_report_year
AB778422__le_pronghorn_hr.pdf,D:\DOCUMENTS\GitHub\HUNTS\pipeline\raw\2025\pdf\harvest_report\AB778422__le_pronghorn_hr.pdf,harvest_report,2025,2025,harvest_hr_applies_to_report_year
AE1A80B4__le_deer_hr.pdf,D:\DOCUMENTS\GitHub\HUNTS\pipeline\raw\2025\pdf\harvest_report\AE1A80B4__le_deer_hr.pdf,harvest_report,2025,2025,harvest_hr_applies_to_report_year
AE2D9D38__bison_hr.pdf,D:\DOCUMENTS\GitHub\HUNTS\pipeline\raw\2025\pdf\harvest_report\AE2D9D38__bison_hr.pdf,harvest_report,2025,2025,harvest_hr_applies_to_report_year
B0E4D566__bison_hr.pdf,D:\DOCUMENTS\GitHub\HUNTS\pipeline\raw\2025\pdf\harvest_report\B0E4D566__bison_hr.pdf,harvest_report,2025,2025,harvest_hr_applies_to_report_year
B60E40F1__dbs_hr.pdf,D:\DOCUMENTS\GitHub\HUNTS\pipeline\raw\2025\pdf\harvest_report\B60E40F1__dbs_hr.pdf,harvest_report,2025,2025,harvest_hr_applies_to_report_year
BF150823__moose_hr.pdf,D:\DOCUMENTS\GitHub\HUNTS\pipeline\raw\2025\pdf\harvest_report\BF150823__moose_hr.pdf,harvest_report,2025,2025,harvest_hr_applies_to_report_year
CC0D3E84__le_deer_hr.pdf,D:\DOCUMENTS\GitHub\HUNTS\pipeline\raw\2025\pdf\harvest_report\CC0D3E84__le_deer_hr.pdf,harvest_report,2025,2025,harvest_hr_applies_to_report_year
D59A4C3D__dbs_hr.pdf,D:\DOCUMENTS\GitHub\HUNTS\pipeline\raw\2025\pdf\harvest_report\D59A4C3D__dbs_hr.pdf,harvest_report,2025,2025,harvest_hr_applies_to_report_year
DBAF766B__le_elk_hr.pdf,D:\DOCUMENTS\GitHub\HUNTS\pipeline\raw\2025\pdf\harvest_report\DBAF766B__le_elk_hr.pdf,harvest_report,2025,2025,harvest_hr_applies_to_report_year
E3918EF8__harvest_09-10.pdf,D:\DOCUMENTS\GitHub\HUNTS\pipeline\raw\2025\pdf\harvest_report\E3918EF8__harvest_09-10.pdf,harvest_report,2025,2025,harvest_hr_applies_to_report_year
E46E8BE4__harvest_13-14.pdf,D:\DOCUMENTS\GitHub\HUNTS\pipeline\raw\2025\pdf\harvest_report\E46E8BE4__harvest_13-14.pdf,harvest_report,2025,2025,harvest_hr_applies_to_report_year
EEFFB190__moose_hr.pdf,D:\DOCUMENTS\GitHub\HUNTS\pipeline\raw\2025\pdf\harvest_report\EEFFB190__moose_hr.pdf,harvest_report,2025,2025,harvest_hr_applies_to_report_year
F005DDF3__dbs_hr.pdf,D:\DOCUMENTS\GitHub\HUNTS\pipeline\raw\2025\pdf\harvest_report\F005DDF3__dbs_hr.pdf,harvest_report,2025,2025,harvest_hr_applies_to_report_year
F2FB73A6__le_pronghorn_hr.pdf,D:\DOCUMENTS\GitHub\HUNTS\pipeline\raw\2025\pdf\harvest_report\F2FB73A6__le_pronghorn_hr.pdf,harvest_report,2025,2025,harvest_hr_applies_to_report_year
FA4956E2__moose_hr.pdf,D:\DOCUMENTS\GitHub\HUNTS\pipeline\raw\2025\pdf\harvest_report\FA4956E2__moose_hr.pdf,harvest_report,2025,2025,harvest_hr_applies_to_report_year
FFAD9720__harvest_11-12.pdf,D:\DOCUMENTS\GitHub\HUNTS\pipeline\raw\2025\pdf\harvest_report\FFAD9720__harvest_11-12.pdf,harvest_report,2025,2025,harvest_hr_applies_to_report_year
"5DB5F1D1__DWR proposes updates to WMA license requirement rule, Dedicated Hunter Program a.pdf","D:\DOCUMENTS\GitHub\HUNTS\pipeline\raw\2025\pdf\regulation\5DB5F1D1__DWR proposes updates to WMA license requirement rule, Dedicated Hunter Program a.pdf",regulation,2025,2025,regulation_same_year
6C0299DB__Final Draft Rule 657.72 (1) - Copy (2025_12_24 23_43_27 UTC).pdf,D:\DOCUMENTS\GitHub\HUNTS\pipeline\raw\2025\pdf\regulation\6C0299DB__Final Draft Rule 657.72 (1) - Copy (2025_12_24 23_43_27 UTC).pdf,regulation,2025,2025,regulation_same_year
B16F7F93__Final Draft Rule 657.72 (1) (2025_12_24 23_43_27 UTC).pdf,D:\DOCUMENTS\GitHub\HUNTS\pipeline\raw\2025\pdf\regulation\B16F7F93__Final Draft Rule 657.72 (1) (2025_12_24 23_43_27 UTC).pdf,regulation,2025,2025,regulation_same_year
BC51012E__memorandum-2025-04-28-overview-of-outfitters-guides-and-spotters-rule.pdf,D:\DOCUMENTS\GitHub\HUNTS\pipeline\raw\2025\pdf\regulation\BC51012E__memorandum-2025-04-28-overview-of-outfitters-guides-and-spotters-rule.pdf,regulation,2025,2025,regulation_same_year
08B0DC78__23_youth_deer.pdf,D:\DOCUMENTS\GitHub\HUNTS\pipeline\raw\2024\pdf\draw_odds\08B0DC78__23_youth_deer.pdf,draw_odds,2024,2025,draw_results_to_next_year
1882fd12__Lifetime general-season deer draw results.pdf,D:\DOCUMENTS\GitHub\HUNTS\pipeline\raw\2024\pdf\draw_odds\1882fd12__Lifetime general-season deer draw results.pdf,draw_odds,2024,2025,draw_results_to_next_year
1DBEBB19__23_youth_antlerless_drawing_odds_report.pdf,D:\DOCUMENTS\GitHub\HUNTS\pipeline\raw\2024\pdf\draw_odds\1DBEBB19__23_youth_antlerless_drawing_odds_report.pdf,draw_odds,2024,2025,draw_results_to_next_year
2023 draw results General Season Deer Draw Odds.pdf,D:\DOCUMENTS\GitHub\HUNTS\pipeline\raw\2024\pdf\draw_odds\2023 draw results General Season Deer Draw Odds.pdf,draw_odds,2024,2025,draw_results_to_next_year
26F98064__23_youth_dh_odds.pdf,D:\DOCUMENTS\GitHub\HUNTS\pipeline\raw\2024\pdf\draw_odds\26F98064__23_youth_dh_odds.pdf,draw_odds,2024,2025,draw_results_to_next_year
33976145__23_bg-odds.pdf,D:\DOCUMENTS\GitHub\HUNTS\pipeline\raw\2024\pdf\draw_odds\33976145__23_bg-odds.pdf,draw_odds,2024,2025,draw_results_to_next_year
33C56D87__2023 DEER ODDS.pdf,D:\DOCUMENTS\GitHub\HUNTS\pipeline\raw\2024\pdf\draw_odds\33C56D87__2023 DEER ODDS.pdf,draw_odds,2024,2025,draw_results_to_next_year
3cd912d5__Sportsman draw odds report.pdf,D:\DOCUMENTS\GitHub\HUNTS\pipeline\raw\2024\pdf\draw_odds\3cd912d5__Sportsman draw odds report.pdf,draw_odds,2024,2025,draw_results_to_next_year
45424E60__23_youth_elk.pdf,D:\DOCUMENTS\GitHub\HUNTS\pipeline\raw\2024\pdf\draw_odds\45424E60__23_youth_elk.pdf,draw_odds,2024,2025,draw_results_to_next_year
506427b7__Youth Dedicated Hunter deer draw results.pdf,D:\DOCUMENTS\GitHub\HUNTS\pipeline\raw\2024\pdf\draw_odds\506427b7__Youth Dedicated Hunter deer draw results.pdf,draw_odds,2024,2025,draw_results_to_next_year
52C75E98__2023_youth_turkey_draw_results (1).pdf,D:\DOCUMENTS\GitHub\HUNTS\pipeline\raw\2024\pdf\draw_odds\52C75E98__2023_youth_turkey_draw_results (1).pdf,draw_odds,2024,2025,draw_results_to_next_year
55fbe7f6__Antlerless big game draw results.pdf,D:\DOCUMENTS\GitHub\HUNTS\pipeline\raw\2024\pdf\draw_odds\55fbe7f6__Antlerless big game draw results.pdf,draw_odds,2024,2025,draw_results_to_next_year
6a8d3019__turkey_2024_turkey_bonus_points_draw_results.pdf,D:\DOCUMENTS\GitHub\HUNTS\pipeline\raw\2024\pdf\draw_odds\6a8d3019__turkey_2024_turkey_bonus_points_draw_results.pdf,draw_odds,2024,2025,draw_results_to_next_year
6fbdd362__Big game limited-entry &amp; once-in-a-lifetime draw results.pdf,D:\DOCUMENTS\GitHub\HUNTS\pipeline\raw\2024\pdf\draw_odds\6fbdd362__Big game limited-entry &amp; once-in-a-lifetime draw results.pdf,draw_odds,2024,2025,draw_results_to_next_year
79fb275b__Big game and antlerless bonus and preference point purchase results.pdf,D:\DOCUMENTS\GitHub\HUNTS\pipeline\raw\2024\pdf\draw_odds\79fb275b__Big game and antlerless bonus and preference point purchase results.pdf,draw_odds,2024,2025,draw_results_to_next_year
86B01066__23_deer_odds.pdf,D:\DOCUMENTS\GitHub\HUNTS\pipeline\raw\2024\pdf\draw_odds\86B01066__23_deer_odds.pdf,draw_odds,2024,2025,draw_results_to_next_year
89152b75__Youth general-season deer draw results.pdf,D:\DOCUMENTS\GitHub\HUNTS\pipeline\raw\2024\pdf\draw_odds\89152b75__Youth general-season deer draw results.pdf,draw_odds,2024,2025,draw_results_to_next_year
9CF6A0CF__2023_turkey_bonus_points_draw_results.pdf,D:\DOCUMENTS\GitHub\HUNTS\pipeline\raw\2024\pdf\draw_odds\9CF6A0CF__2023_turkey_bonus_points_draw_results.pdf,draw_odds,2024,2025,draw_results_to_next_year
a39de551__turkey_2024_youth_turkey_draw_results.pdf,D:\DOCUMENTS\GitHub\HUNTS\pipeline\raw\2024\pdf\draw_odds\a39de551__turkey_2024_youth_turkey_draw_results.pdf,draw_odds,2024,2025,draw_results_to_next_year
A77CBEDF__2023 sportsman permit odds.pdf,D:\DOCUMENTS\GitHub\HUNTS\pipeline\raw\2024\pdf\draw_odds\A77CBEDF__2023 sportsman permit odds.pdf,draw_odds,2024,2025,draw_results_to_next_year
AC1194F9__2023_cougar_odds_report.pdf,D:\DOCUMENTS\GitHub\HUNTS\pipeline\raw\2024\pdf\draw_odds\AC1194F9__2023_cougar_odds_report.pdf,draw_odds,2024,2025,draw_results_to_next_year
AFB9D5C1__23_deer_odds (1).pdf,D:\DOCUMENTS\GitHub\HUNTS\pipeline\raw\2024\pdf\draw_odds\AFB9D5C1__23_deer_odds (1).pdf,draw_odds,2024,2025,draw_results_to_next_year
affa963d__Youth antlerless big game draw results.pdf,D:\DOCUMENTS\GitHub\HUNTS\pipeline\raw\2024\pdf\draw_odds\affa963d__Youth antlerless big game draw results.pdf,draw_odds,2024,2025,draw_results_to_next_year
bb305cd4__black_bear_24_drawing_odds.pdf,D:\DOCUMENTS\GitHub\HUNTS\pipeline\raw\2024\pdf\draw_odds\bb305cd4__black_bear_24_drawing_odds.pdf,draw_odds,2024,2025,draw_results_to_next_year
bc667bae__Dedicated Hunter deer draw results.pdf,D:\DOCUMENTS\GitHub\HUNTS\pipeline\raw\2024\pdf\draw_odds\bc667bae__Dedicated Hunter deer draw results.pdf,draw_odds,2024,2025,draw_results_to_next_year
C1465317__23_lifetime_deer.pdf,D:\DOCUMENTS\GitHub\HUNTS\pipeline\raw\2024\pdf\draw_odds\C1465317__23_lifetime_deer.pdf,draw_odds,2024,2025,draw_results_to_next_year
c1fb0535__Youth draw-only elk bonus point draw results.pdf,D:\DOCUMENTS\GitHub\HUNTS\pipeline\raw\2024\pdf\draw_odds\c1fb0535__Youth draw-only elk bonus point draw results.pdf,draw_odds,2024,2025,draw_results_to_next_year
C22FEBA4__23_drawing_odds BEAR.pdf,D:\DOCUMENTS\GitHub\HUNTS\pipeline\raw\2024\pdf\draw_odds\C22FEBA4__23_drawing_odds BEAR.pdf,draw_odds,2024,2025,draw_results_to_next_year
d113767e__General-season buck deer draw results.pdf,D:\DOCUMENTS\GitHub\HUNTS\pipeline\raw\2024\pdf\draw_odds\d113767e__General-season buck deer draw results.pdf,draw_odds,2024,2025,draw_results_to_next_year
D133D488__23_antlerless_drawing_odds_report.pdf,D:\DOCUMENTS\GitHub\HUNTS\pipeline\raw\2024\pdf\draw_odds\D133D488__23_antlerless_drawing_odds_report.pdf,draw_odds,2024,2025,draw_results_to_next_year
D527742A__2023 ELK + OTHER BIG GAME.pdf,D:\DOCUMENTS\GitHub\HUNTS\pipeline\raw\2024\pdf\draw_odds\D527742A__2023 ELK + OTHER BIG GAME.pdf,draw_odds,2024,2025,draw_results_to_next_year
F6824B0F__22-23_sportsman_odds.pdf,D:\DOCUMENTS\GitHub\HUNTS\pipeline\raw\2024\pdf\draw_odds\F6824B0F__22-23_sportsman_odds.pdf,draw_odds,2024,2025,draw_results_to_next_year
FB56D764__23_dh_odds.pdf,D:\DOCUMENTS\GitHub\HUNTS\pipeline\raw\2024\pdf\draw_odds\FB56D764__23_dh_odds.pdf,draw_odds,2024,2025,draw_results_to_next_year
2A83830D__harvest_metrics_2024_report.pdf,D:\DOCUMENTS\GitHub\HUNTS\pipeline\raw\2024\pdf\harvest_report\2A83830D__harvest_metrics_2024_report.pdf,harvest_report,2024,2024,harvest_hr_applies_to_report_year
50103c1f__bear_2024.pdf,D:\DOCUMENTS\GitHub\HUNTS\pipeline\raw\2024\pdf\harvest_report\50103c1f__bear_2024.pdf,harvest_report,2024,2024,harvest_hr_applies_to_report_year
5035C651__2024_antlerless_hr.pdf,D:\DOCUMENTS\GitHub\HUNTS\pipeline\raw\2024\pdf\harvest_report\5035C651__2024_antlerless_hr.pdf,harvest_report,2024,2024,harvest_hr_applies_to_report_year
5caeaa8c__cougar_2024.pdf,D:\DOCUMENTS\GitHub\HUNTS\pipeline\raw\2024\pdf\harvest_report\5caeaa8c__cougar_2024.pdf,harvest_report,2024,2024,harvest_hr_applies_to_report_year
814A2B0A__2024_le_oial_all.pdf,D:\DOCUMENTS\GitHub\HUNTS\pipeline\raw\2024\pdf\harvest_report\814A2B0A__2024_le_oial_all.pdf,harvest_report,2024,2024,harvest_hr_applies_to_report_year
8221a315__General-season buck deer.pdf,D:\DOCUMENTS\GitHub\HUNTS\pipeline\raw\2024\pdf\harvest_report\8221a315__General-season buck deer.pdf,harvest_report,2024,2024,harvest_hr_applies_to_report_year
8a9ecccb__2024.pdf,D:\DOCUMENTS\GitHub\HUNTS\pipeline\raw\2024\pdf\harvest_report\8a9ecccb__2024.pdf,harvest_report,2024,2024,harvest_hr_applies_to_report_year
8e431263__Antlerless big game.pdf,D:\DOCUMENTS\GitHub\HUNTS\pipeline\raw\2024\pdf\harvest_report\8e431263__Antlerless big game.pdf,harvest_report,2024,2024,harvest_hr_applies_to_report_year
a3a2b28e__mixed_2024-25.pdf,D:\DOCUMENTS\GitHub\HUNTS\pipeline\raw\2024\pdf\harvest_report\a3a2b28e__mixed_2024-25.pdf,harvest_report,2024,2024,harvest_hr_applies_to_report_year
BF9BCAE0__2024_gs_buck_deer_hr.pdf,D:\DOCUMENTS\GitHub\HUNTS\pipeline\raw\2024\pdf\harvest_report\BF9BCAE0__2024_gs_buck_deer_hr.pdf,harvest_report,2024,2024,harvest_hr_applies_to_report_year
f539f2a2__Limited-entry and once-in-a-lifetime species.pdf,D:\DOCUMENTS\GitHub\HUNTS\pipeline\raw\2024\pdf\harvest_report\f539f2a2__Limited-entry and once-in-a-lifetime species.pdf,harvest_report,2024,2024,harvest_hr_applies_to_report_year
"76E828EE__Hunting Guide and Outfitter Definition, Rules and Regulations..pdf","D:\DOCUMENTS\GitHub\HUNTS\pipeline\raw\2024\pdf\regulation\76E828EE__Hunting Guide and Outfitter Definition, Rules and Regulations..pdf",regulation,2024,2024,regulation_same_year
17ed709a__Youth draw-only elk bonus point draw results.pdf,D:\DOCUMENTS\GitHub\HUNTS\pipeline\raw\2023\pdf\draw_odds\17ed709a__Youth draw-only elk bonus point draw results.pdf,draw_odds,2023,2024,draw_results_to_next_year
22_sheep-population.pdf,D:\DOCUMENTS\GitHub\HUNTS\pipeline\raw\2023\pdf\draw_odds\22_sheep-population.pdf,draw_odds,2023,2024,draw_results_to_next_year
39b9ca33__black_bear_23_drawing_odds.pdf,D:\DOCUMENTS\GitHub\HUNTS\pipeline\raw\2023\pdf\draw_odds\39b9ca33__black_bear_23_drawing_odds.pdf,draw_odds,2023,2024,draw_results_to_next_year
3c8168b4__Lifetime general-season deer draw results.pdf,D:\DOCUMENTS\GitHub\HUNTS\pipeline\raw\2023\pdf\draw_odds\3c8168b4__Lifetime general-season deer draw results.pdf,draw_odds,2023,2024,draw_results_to_next_year
60619D30__22_bg-odds.pdf,D:\DOCUMENTS\GitHub\HUNTS\pipeline\raw\2023\pdf\draw_odds\60619D30__22_bg-odds.pdf,draw_odds,2023,2024,draw_results_to_next_year
6326e915__Big game limited-entry &amp; once-in-a-lifetime draw results.pdf,D:\DOCUMENTS\GitHub\HUNTS\pipeline\raw\2023\pdf\draw_odds\6326e915__Big game limited-entry &amp; once-in-a-lifetime draw results.pdf,draw_odds,2023,2024,draw_results_to_next_year
685de6db__Youth Dedicated Hunter deer draw results.pdf,D:\DOCUMENTS\GitHub\HUNTS\pipeline\raw\2023\pdf\draw_odds\685de6db__Youth Dedicated Hunter deer draw results.pdf,draw_odds,2023,2024,draw_results_to_next_year
6a1df976__General-season deer draw results.pdf,D:\DOCUMENTS\GitHub\HUNTS\pipeline\raw\2023\pdf\draw_odds\6a1df976__General-season deer draw results.pdf,draw_odds,2023,2024,draw_results_to_next_year
6dc7c678__Youth general-season deer draw results.pdf,D:\DOCUMENTS\GitHub\HUNTS\pipeline\raw\2023\pdf\draw_odds\6dc7c678__Youth general-season deer draw results.pdf,draw_odds,2023,2024,draw_results_to_next_year
72649cd3__Youth antlerless big game draw results.pdf,D:\DOCUMENTS\GitHub\HUNTS\pipeline\raw\2023\pdf\draw_odds\72649cd3__Youth antlerless big game draw results.pdf,draw_odds,2023,2024,draw_results_to_next_year
82e44204__Sportsman draw odds report.pdf,D:\DOCUMENTS\GitHub\HUNTS\pipeline\raw\2023\pdf\draw_odds\82e44204__Sportsman draw odds report.pdf,draw_odds,2023,2024,draw_results_to_next_year
88bceb9e__turkey_2023_turkey_bonus_points_draw_results.pdf,D:\DOCUMENTS\GitHub\HUNTS\pipeline\raw\2023\pdf\draw_odds\88bceb9e__turkey_2023_turkey_bonus_points_draw_results.pdf,draw_odds,2023,2024,draw_results_to_next_year
9E134C35__2022-24_conservation_permits.pdf,D:\DOCUMENTS\GitHub\HUNTS\pipeline\raw\2023\pdf\draw_odds\9E134C35__2022-24_conservation_permits.pdf,draw_odds,2023,2024,draw_results_to_next_year
b7af20c9__Big game and antlerless bonus and preference point purchase results.pdf,D:\DOCUMENTS\GitHub\HUNTS\pipeline\raw\2023\pdf\draw_odds\b7af20c9__Big game and antlerless bonus and preference point purchase results.pdf,draw_odds,2023,2024,draw_results_to_next_year
c451ae2a__Antlerless big game draw results.pdf,D:\DOCUMENTS\GitHub\HUNTS\pipeline\raw\2023\pdf\draw_odds\c451ae2a__Antlerless big game draw results.pdf,draw_odds,2023,2024,draw_results_to_next_year
d15e7b03__Dedicated Hunter deer draw results.pdf,D:\DOCUMENTS\GitHub\HUNTS\pipeline\raw\2023\pdf\draw_odds\d15e7b03__Dedicated Hunter deer draw results.pdf,draw_odds,2023,2024,draw_results_to_next_year
e91f282e__turkey_2023_youth_turkey_draw_results.pdf,D:\DOCUMENTS\GitHub\HUNTS\pipeline\raw\2023\pdf\draw_odds\e91f282e__turkey_2023_youth_turkey_draw_results.pdf,draw_odds,2023,2024,draw_results_to_next_year
0148BAF7__2023-san-juan-river.pdf,D:\DOCUMENTS\GitHub\HUNTS\pipeline\raw\2023\pdf\harvest_report\0148BAF7__2023-san-juan-river.pdf,harvest_report,2023,2023,harvest_hr_applies_to_report_year
0A928B4F__2023-central-mtns-nebo.pdf,D:\DOCUMENTS\GitHub\HUNTS\pipeline\raw\2023\pdf\harvest_report\0A928B4F__2023-central-mtns-nebo.pdf,harvest_report,2023,2023,harvest_hr_applies_to_report_year
1f8e73af__2023.pdf,D:\DOCUMENTS\GitHub\HUNTS\pipeline\raw\2023\pdf\harvest_report\1f8e73af__2023.pdf,harvest_report,2023,2023,harvest_hr_applies_to_report_year
2023 Hunt Success.pdf,D:\DOCUMENTS\GitHub\HUNTS\pipeline\raw\2023\pdf\harvest_report\2023 Hunt Success.pdf,harvest_report,2023,2023,harvest_hr_applies_to_report_year
24_bg_HARVEST_report.pdf,D:\DOCUMENTS\GitHub\HUNTS\pipeline\raw\2023\pdf\harvest_report\24_bg_HARVEST_report.pdf,harvest_report,2023,2023,harvest_hr_applies_to_report_year
24_black_bear_report.pdf,D:\DOCUMENTS\GitHub\HUNTS\pipeline\raw\2023\pdf\harvest_report\24_black_bear_report.pdf,harvest_report,2023,2023,harvest_hr_applies_to_report_year
28E0BDDD__2023-san-juan-lockhart.pdf,D:\DOCUMENTS\GitHub\HUNTS\pipeline\raw\2023\pdf\harvest_report\28E0BDDD__2023-san-juan-lockhart.pdf,harvest_report,2023,2023,harvest_hr_applies_to_report_year
295db9e8__bear_2023.pdf,D:\DOCUMENTS\GitHub\HUNTS\pipeline\raw\2023\pdf\harvest_report\295db9e8__bear_2023.pdf,harvest_report,2023,2023,harvest_hr_applies_to_report_year
36a67499__mixed_2023-24.pdf,D:\DOCUMENTS\GitHub\HUNTS\pipeline\raw\2023\pdf\harvest_report\36a67499__mixed_2023-24.pdf,harvest_report,2023,2023,harvest_hr_applies_to_report_year
41c98e7e__cougar_Drawing odds.pdf,D:\DOCUMENTS\GitHub\HUNTS\pipeline\raw\2023\pdf\harvest_report\41c98e7e__cougar_Drawing odds.pdf,draw_odds,2023,2024,draw_results_to_next_year
4E8E024C__2023-harvest-data.pdf,D:\DOCUMENTS\GitHub\HUNTS\pipeline\raw\2023\pdf\harvest_report\4E8E024C__2023-harvest-data.pdf,harvest_report,2023,2023,harvest_hr_applies_to_report_year
523038DA__2023-san-juan-south.pdf,D:\DOCUMENTS\GitHub\HUNTS\pipeline\raw\2023\pdf\harvest_report\523038DA__2023-san-juan-south.pdf,harvest_report,2023,2023,harvest_hr_applies_to_report_year
569943FB__2023-kaiparowits-escalante.pdf,D:\DOCUMENTS\GitHub\HUNTS\pipeline\raw\2023\pdf\harvest_report\569943FB__2023-kaiparowits-escalante.pdf,harvest_report,2023,2023,harvest_hr_applies_to_report_year
61FC0758__BIGHORN SHEEP 2023-harvest-data.pdf,D:\DOCUMENTS\GitHub\HUNTS\pipeline\raw\2023\pdf\harvest_report\61FC0758__BIGHORN SHEEP 2023-harvest-data.pdf,harvest_report,2023,2023,harvest_hr_applies_to_report_year
62EF9E74__2023_le_oial_all.pdf,D:\DOCUMENTS\GitHub\HUNTS\pipeline\raw\2023\pdf\harvest_report\62EF9E74__2023_le_oial_all.pdf,harvest_report,2023,2023,harvest_hr_applies_to_report_year
72C08FAD__2023-la-sal-potash.pdf,D:\DOCUMENTS\GitHub\HUNTS\pipeline\raw\2023\pdf\harvest_report\72C08FAD__2023-la-sal-potash.pdf,harvest_report,2023,2023,harvest_hr_applies_to_report_year
7DDF75D1__2023 ALL SPECIES HARVEST DATA.pdf,D:\DOCUMENTS\GitHub\HUNTS\pipeline\raw\2023\pdf\harvest_report\7DDF75D1__2023 ALL SPECIES HARVEST DATA.pdf,harvest_report,2023,2023,harvest_hr_applies_to_report_year
8970342F__2023-book-cliffs-south.pdf,D:\DOCUMENTS\GitHub\HUNTS\pipeline\raw\2023\pdf\harvest_report\8970342F__2023-book-cliffs-south.pdf,harvest_report,2023,2023,harvest_hr_applies_to_report_year
938F5CB7__2023-wasatch-mtns-west.pdf,D:\DOCUMENTS\GitHub\HUNTS\pipeline\raw\2023\pdf\harvest_report\938F5CB7__2023-wasatch-mtns-west.pdf,harvest_report,2023,2023,harvest_hr_applies_to_report_year
9CC65639__2023_gs_buck_deer_hr.pdf,D:\DOCUMENTS\GitHub\HUNTS\pipeline\raw\2023\pdf\harvest_report\9CC65639__2023_gs_buck_deer_hr.pdf,harvest_report,2023,2023,harvest_hr_applies_to_report_year
A96251BE__2023_antlerless_hr.pdf,D:\DOCUMENTS\GitHub\HUNTS\pipeline\raw\2023\pdf\harvest_report\A96251BE__2023_antlerless_hr.pdf,harvest_report,2023,2023,harvest_hr_applies_to_report_year
B28B99E6__2023-nine-mile-jack-creek.pdf,D:\DOCUMENTS\GitHub\HUNTS\pipeline\raw\2023\pdf\harvest_report\B28B99E6__2023-nine-mile-jack-creek.pdf,harvest_report,2023,2023,harvest_hr_applies_to_report_year
B5780E69__2023-san-juan-north.pdf,D:\DOCUMENTS\GitHub\HUNTS\pipeline\raw\2023\pdf\harvest_report\B5780E69__2023-san-juan-north.pdf,harvest_report,2023,2023,harvest_hr_applies_to_report_year
ba50f481__Limited-entry and once-in-a-lifetime species.pdf,D:\DOCUMENTS\GitHub\HUNTS\pipeline\raw\2023\pdf\harvest_report\ba50f481__Limited-entry and once-in-a-lifetime species.pdf,harvest_report,2023,2023,harvest_hr_applies_to_report_year
ca8a3d7c__Antlerless big game.pdf,D:\DOCUMENTS\GitHub\HUNTS\pipeline\raw\2023\pdf\harvest_report\ca8a3d7c__Antlerless big game.pdf,harvest_report,2023,2023,harvest_hr_applies_to_report_year
dbd8a659__cougar_2023.pdf,D:\DOCUMENTS\GitHub\HUNTS\pipeline\raw\2023\pdf\harvest_report\dbd8a659__cougar_2023.pdf,harvest_report,2023,2023,harvest_hr_applies_to_report_year
dc965eb4__General-season buck deer.pdf,D:\DOCUMENTS\GitHub\HUNTS\pipeline\raw\2023\pdf\harvest_report\dc965eb4__General-season buck deer.pdf,harvest_report,2023,2023,harvest_hr_applies_to_report_year
EF4D3BAC__2023-antelope-island.pdf,D:\DOCUMENTS\GitHub\HUNTS\pipeline\raw\2023\pdf\harvest_report\EF4D3BAC__2023-antelope-island.pdf,harvest_report,2023,2023,harvest_hr_applies_to_report_year
10e8e26a__Sportsman draw odds report.pdf,D:\DOCUMENTS\GitHub\HUNTS\pipeline\raw\2022\pdf\draw_odds\10e8e26a__Sportsman draw odds report.pdf,draw_odds,2022,2023,draw_results_to_next_year
15e1470a__Big game limited-entry &amp; once-in-a-lifetime draw results.pdf,D:\DOCUMENTS\GitHub\HUNTS\pipeline\raw\2022\pdf\draw_odds\15e1470a__Big game limited-entry &amp; once-in-a-lifetime draw results.pdf,draw_odds,2022,2023,draw_results_to_next_year
449c6db8__Lifetime general-season deer draw results.pdf,D:\DOCUMENTS\GitHub\HUNTS\pipeline\raw\2022\pdf\draw_odds\449c6db8__Lifetime general-season deer draw results.pdf,draw_odds,2022,2023,draw_results_to_next_year
4d3103f2__Youth Dedicated Hunter deer draw results.pdf,D:\DOCUMENTS\GitHub\HUNTS\pipeline\raw\2022\pdf\draw_odds\4d3103f2__Youth Dedicated Hunter deer draw results.pdf,draw_odds,2022,2023,draw_results_to_next_year
705f30a5__General-season buck deer draw results.pdf,D:\DOCUMENTS\GitHub\HUNTS\pipeline\raw\2022\pdf\draw_odds\705f30a5__General-season buck deer draw results.pdf,draw_odds,2022,2023,draw_results_to_next_year
85ebe309__turkey_2022_youth_turkey_draw_results.pdf,D:\DOCUMENTS\GitHub\HUNTS\pipeline\raw\2022\pdf\draw_odds\85ebe309__turkey_2022_youth_turkey_draw_results.pdf,draw_odds,2022,2023,draw_results_to_next_year
91fa9658__Youth general-season deer draw results.pdf,D:\DOCUMENTS\GitHub\HUNTS\pipeline\raw\2022\pdf\draw_odds\91fa9658__Youth general-season deer draw results.pdf,draw_odds,2022,2023,draw_results_to_next_year
96724720__Youth antlerless big game draw results.pdf,D:\DOCUMENTS\GitHub\HUNTS\pipeline\raw\2022\pdf\draw_odds\96724720__Youth antlerless big game draw results.pdf,draw_odds,2022,2023,draw_results_to_next_year
a0d8e70e__Antlerless big game draw results.pdf,D:\DOCUMENTS\GitHub\HUNTS\pipeline\raw\2022\pdf\draw_odds\a0d8e70e__Antlerless big game draw results.pdf,draw_odds,2022,2023,draw_results_to_next_year
b6af6d7d__Youth draw-only elk bonus point draw results.pdf,D:\DOCUMENTS\GitHub\HUNTS\pipeline\raw\2022\pdf\draw_odds\b6af6d7d__Youth draw-only elk bonus point draw results.pdf,draw_odds,2022,2023,draw_results_to_next_year
c9f1b779__Dedicated Hunter deer draw results.pdf,D:\DOCUMENTS\GitHub\HUNTS\pipeline\raw\2022\pdf\draw_odds\c9f1b779__Dedicated Hunter deer draw results.pdf,draw_odds,2022,2023,draw_results_to_next_year
d534ae44__turkey_2022_turkey_bonus_points_draw_results.pdf,D:\DOCUMENTS\GitHub\HUNTS\pipeline\raw\2022\pdf\draw_odds\d534ae44__turkey_2022_turkey_bonus_points_draw_results.pdf,draw_odds,2022,2023,draw_results_to_next_year
eff53094__black_bear_22_drawing_odds.pdf,D:\DOCUMENTS\GitHub\HUNTS\pipeline\raw\2022\pdf\draw_odds\eff53094__black_bear_22_drawing_odds.pdf,draw_odds,2022,2023,draw_results_to_next_year
19275c81__Limited-entry and once-in-a-lifetime species.pdf,D:\DOCUMENTS\GitHub\HUNTS\pipeline\raw\2022\pdf\harvest_report\19275c81__Limited-entry and once-in-a-lifetime species.pdf,harvest_report,2022,2022,harvest_hr_applies_to_report_year
2173f802__2022.pdf,D:\DOCUMENTS\GitHub\HUNTS\pipeline\raw\2022\pdf\harvest_report\2173f802__2022.pdf,harvest_report,2022,2022,harvest_hr_applies_to_report_year
442a70d8__General-season buck deer.pdf,D:\DOCUMENTS\GitHub\HUNTS\pipeline\raw\2022\pdf\harvest_report\442a70d8__General-season buck deer.pdf,harvest_report,2022,2022,harvest_hr_applies_to_report_year
5E321DA5__2022-harvest-data.pdf,D:\DOCUMENTS\GitHub\HUNTS\pipeline\raw\2022\pdf\harvest_report\5E321DA5__2022-harvest-data.pdf,harvest_report,2022,2022,harvest_hr_applies_to_report_year
7406bf15__mixed_2022-23.pdf,D:\DOCUMENTS\GitHub\HUNTS\pipeline\raw\2022\pdf\harvest_report\7406bf15__mixed_2022-23.pdf,harvest_report,2022,2022,harvest_hr_applies_to_report_year
7cfe81c3__cougar_Drawing odds.pdf,D:\DOCUMENTS\GitHub\HUNTS\pipeline\raw\2022\pdf\harvest_report\7cfe81c3__cougar_Drawing odds.pdf,draw_odds,2022,2023,draw_results_to_next_year
884746C2__2022-henry-mountains.pdf,D:\DOCUMENTS\GitHub\HUNTS\pipeline\raw\2022\pdf\harvest_report\884746C2__2022-henry-mountains.pdf,harvest_report,2022,2022,harvest_hr_applies_to_report_year
968EFF87__2022_le_oial_all.pdf,D:\DOCUMENTS\GitHub\HUNTS\pipeline\raw\2022\pdf\harvest_report\968EFF87__2022_le_oial_all.pdf,harvest_report,2022,2022,harvest_hr_applies_to_report_year
99d034bd__bear_2022.pdf,D:\DOCUMENTS\GitHub\HUNTS\pipeline\raw\2022\pdf\harvest_report\99d034bd__bear_2022.pdf,harvest_report,2022,2022,harvest_hr_applies_to_report_year
9cb7bd59__cougar_2022.pdf,D:\DOCUMENTS\GitHub\HUNTS\pipeline\raw\2022\pdf\harvest_report\9cb7bd59__cougar_2022.pdf,harvest_report,2022,2022,harvest_hr_applies_to_report_year
C9789032__2022-mineral-mtns.pdf,D:\DOCUMENTS\GitHub\HUNTS\pipeline\raw\2022\pdf\harvest_report\C9789032__2022-mineral-mtns.pdf,harvest_report,2022,2022,harvest_hr_applies_to_report_year
CCDD6E10__2022_gs_buck_deer_hr.pdf,D:\DOCUMENTS\GitHub\HUNTS\pipeline\raw\2022\pdf\harvest_report\CCDD6E10__2022_gs_buck_deer_hr.pdf,harvest_report,2022,2022,harvest_hr_applies_to_report_year
D09A33C9__2022-oak-creek.pdf,D:\DOCUMENTS\GitHub\HUNTS\pipeline\raw\2022\pdf\harvest_report\D09A33C9__2022-oak-creek.pdf,harvest_report,2022,2022,harvest_hr_applies_to_report_year
D3E39E3F__2022-nine-mile-gray-canyon.pdf,D:\DOCUMENTS\GitHub\HUNTS\pipeline\raw\2022\pdf\harvest_report\D3E39E3F__2022-nine-mile-gray-canyon.pdf,harvest_report,2022,2022,harvest_hr_applies_to_report_year
d6cae860__Antlerless big game.pdf,D:\DOCUMENTS\GitHub\HUNTS\pipeline\raw\2022\pdf\harvest_report\d6cae860__Antlerless big game.pdf,harvest_report,2022,2022,harvest_hr_applies_to_report_year
ECBBF5FB__2022-san-rafael-dirty-devil.pdf,D:\DOCUMENTS\GitHub\HUNTS\pipeline\raw\2022\pdf\harvest_report\ECBBF5FB__2022-san-rafael-dirty-devil.pdf,harvest_report,2022,2022,harvest_hr_applies_to_report_year
FF6D4B3D__2022_antlerless_hr.pdf,D:\DOCUMENTS\GitHub\HUNTS\pipeline\raw\2022\pdf\harvest_report\FF6D4B3D__2022_antlerless_hr.pdf,harvest_report,2022,2022,harvest_hr_applies_to_report_year
2a192910__Lifetime general-season deer draw results.pdf,D:\DOCUMENTS\GitHub\HUNTS\pipeline\raw\2021\pdf\draw_odds\2a192910__Lifetime general-season deer draw results.pdf,draw_odds,2021,2022,draw_results_to_next_year
3b691218__Youth Dedicated Hunter deer draw results.pdf,D:\DOCUMENTS\GitHub\HUNTS\pipeline\raw\2021\pdf\draw_odds\3b691218__Youth Dedicated Hunter deer draw results.pdf,draw_odds,2021,2022,draw_results_to_next_year
3deb930b__turkey_2021_youth_turkey_draw_results.pdf,D:\DOCUMENTS\GitHub\HUNTS\pipeline\raw\2021\pdf\draw_odds\3deb930b__turkey_2021_youth_turkey_draw_results.pdf,draw_odds,2021,2022,draw_results_to_next_year
615cbcd5__Big game limited-entry &amp; once-in-a-lifetime draw results.pdf,D:\DOCUMENTS\GitHub\HUNTS\pipeline\raw\2021\pdf\draw_odds\615cbcd5__Big game limited-entry &amp; once-in-a-lifetime draw results.pdf,draw_odds,2021,2022,draw_results_to_next_year
85bae871__Dedicated Hunter deer draw results.pdf,D:\DOCUMENTS\GitHub\HUNTS\pipeline\raw\2021\pdf\draw_odds\85bae871__Dedicated Hunter deer draw results.pdf,draw_odds,2021,2022,draw_results_to_next_year
897696d1__Youth antlerless big game draw results.pdf,D:\DOCUMENTS\GitHub\HUNTS\pipeline\raw\2021\pdf\draw_odds\897696d1__Youth antlerless big game draw results.pdf,draw_odds,2021,2022,draw_results_to_next_year
98e761bc__Youth general-season deer draw results.pdf,D:\DOCUMENTS\GitHub\HUNTS\pipeline\raw\2021\pdf\draw_odds\98e761bc__Youth general-season deer draw results.pdf,draw_odds,2021,2022,draw_results_to_next_year
9a7a35aa__Youth draw-only elk bonus point draw results.pdf,D:\DOCUMENTS\GitHub\HUNTS\pipeline\raw\2021\pdf\draw_odds\9a7a35aa__Youth draw-only elk bonus point draw results.pdf,draw_odds,2021,2022,draw_results_to_next_year
b4710a7f__black_bear_21_drawing_odds.pdf,D:\DOCUMENTS\GitHub\HUNTS\pipeline\raw\2021\pdf\draw_odds\b4710a7f__black_bear_21_drawing_odds.pdf,draw_odds,2021,2022,draw_results_to_next_year
baa2fb5d__turkey_2021_turkey_bonus_points_draw_results.pdf,D:\DOCUMENTS\GitHub\HUNTS\pipeline\raw\2021\pdf\draw_odds\baa2fb5d__turkey_2021_turkey_bonus_points_draw_results.pdf,draw_odds,2021,2022,draw_results_to_next_year
c4618029__General-season buck deer draw results.pdf,D:\DOCUMENTS\GitHub\HUNTS\pipeline\raw\2021\pdf\draw_odds\c4618029__General-season buck deer draw results.pdf,draw_odds,2021,2022,draw_results_to_next_year
ea19f723__Antlerless big game draw results.pdf,D:\DOCUMENTS\GitHub\HUNTS\pipeline\raw\2021\pdf\draw_odds\ea19f723__Antlerless big game draw results.pdf,draw_odds,2021,2022,draw_results_to_next_year
ffa5e57f__Sportsman draw odds report.pdf,D:\DOCUMENTS\GitHub\HUNTS\pipeline\raw\2021\pdf\draw_odds\ffa5e57f__Sportsman draw odds report.pdf,draw_odds,2021,2022,draw_results_to_next_year
03E16E00__2021-north-slope-red-canyon.pdf,D:\DOCUMENTS\GitHub\HUNTS\pipeline\raw\2021\pdf\harvest_report\03E16E00__2021-north-slope-red-canyon.pdf,harvest_report,2021,2021,harvest_hr_applies_to_report_year
043E31A3__2021-north-slope-bare-top.pdf,D:\DOCUMENTS\GitHub\HUNTS\pipeline\raw\2021\pdf\harvest_report\043E31A3__2021-north-slope-bare-top.pdf,harvest_report,2021,2021,harvest_hr_applies_to_report_year
1AAF42C7__2021-san-rafael-north.pdf,D:\DOCUMENTS\GitHub\HUNTS\pipeline\raw\2021\pdf\harvest_report\1AAF42C7__2021-san-rafael-north.pdf,harvest_report,2021,2021,harvest_hr_applies_to_report_year
21_black_bear_report.pdf,D:\DOCUMENTS\GitHub\HUNTS\pipeline\raw\2021\pdf\harvest_report\21_black_bear_report.pdf,harvest_report,2021,2021,harvest_hr_applies_to_report_year
22_bg_harvest_report.pdf,D:\DOCUMENTS\GitHub\HUNTS\pipeline\raw\2021\pdf\harvest_report\22_bg_harvest_report.pdf,harvest_report,2021,2021,harvest_hr_applies_to_report_year
22_black_bear_report.pdf,D:\DOCUMENTS\GitHub\HUNTS\pipeline\raw\2021\pdf\harvest_report\22_black_bear_report.pdf,harvest_report,2021,2021,harvest_hr_applies_to_report_year
2795C467__2021_gs_buck_deer_hr.pdf,D:\DOCUMENTS\GitHub\HUNTS\pipeline\raw\2021\pdf\harvest_report\2795C467__2021_gs_buck_deer_hr.pdf,harvest_report,2021,2021,harvest_hr_applies_to_report_year
5a118f11__General-season buck deer.pdf,D:\DOCUMENTS\GitHub\HUNTS\pipeline\raw\2021\pdf\harvest_report\5a118f11__General-season buck deer.pdf,harvest_report,2021,2021,harvest_hr_applies_to_report_year
5a24be8c__Limited-entry and once-in-a-lifetime species.pdf,D:\DOCUMENTS\GitHub\HUNTS\pipeline\raw\2021\pdf\harvest_report\5a24be8c__Limited-entry and once-in-a-lifetime species.pdf,harvest_report,2021,2021,harvest_hr_applies_to_report_year
62474ddf__bear_2021.pdf,D:\DOCUMENTS\GitHub\HUNTS\pipeline\raw\2021\pdf\harvest_report\62474ddf__bear_2021.pdf,harvest_report,2021,2021,harvest_hr_applies_to_report_year
670BA679__2021-north-slope-sheep-creek.pdf,D:\DOCUMENTS\GitHub\HUNTS\pipeline\raw\2021\pdf\harvest_report\670BA679__2021-north-slope-sheep-creek.pdf,harvest_report,2021,2021,harvest_hr_applies_to_report_year
6ACC2AEA__2021_le_oial_all.pdf,D:\DOCUMENTS\GitHub\HUNTS\pipeline\raw\2021\pdf\harvest_report\6ACC2AEA__2021_le_oial_all.pdf,harvest_report,2021,2021,harvest_hr_applies_to_report_year
77105EC4__2021-box-elder-newfoundland-mtn.pdf,D:\DOCUMENTS\GitHub\HUNTS\pipeline\raw\2021\pdf\harvest_report\77105EC4__2021-box-elder-newfoundland-mtn.pdf,harvest_report,2021,2021,harvest_hr_applies_to_report_year
7AA56ADB__2021-north-slope-goslin-mtn.pdf,D:\DOCUMENTS\GitHub\HUNTS\pipeline\raw\2021\pdf\harvest_report\7AA56ADB__2021-north-slope-goslin-mtn.pdf,harvest_report,2021,2021,harvest_hr_applies_to_report_year
80165f60__cougar_Drawing odds.pdf,D:\DOCUMENTS\GitHub\HUNTS\pipeline\raw\2021\pdf\harvest_report\80165f60__cougar_Drawing odds.pdf,draw_odds,2021,2022,draw_results_to_next_year
84EA3C5A__2021_antlerless_hr.pdf,D:\DOCUMENTS\GitHub\HUNTS\pipeline\raw\2021\pdf\harvest_report\84EA3C5A__2021_antlerless_hr.pdf,harvest_report,2021,2021,harvest_hr_applies_to_report_year
86C2219B__2021-stansbury.pdf,D:\DOCUMENTS\GitHub\HUNTS\pipeline\raw\2021\pdf\harvest_report\86C2219B__2021-stansbury.pdf,harvest_report,2021,2021,harvest_hr_applies_to_report_year
8817544e__cougar_2021.pdf,D:\DOCUMENTS\GitHub\HUNTS\pipeline\raw\2021\pdf\harvest_report\8817544e__cougar_2021.pdf,harvest_report,2021,2021,harvest_hr_applies_to_report_year
9F8E4D0B__2021-kaiparowits-east-west.pdf,D:\DOCUMENTS\GitHub\HUNTS\pipeline\raw\2021\pdf\harvest_report\9F8E4D0B__2021-kaiparowits-east-west.pdf,harvest_report,2021,2021,harvest_hr_applies_to_report_year
a62a6cbd__mixed_2021-22.pdf,D:\DOCUMENTS\GitHub\HUNTS\pipeline\raw\2021\pdf\harvest_report\a62a6cbd__mixed_2021-22.pdf,harvest_report,2021,2021,harvest_hr_applies_to_report_year
ABB95D60__2021-harvest-data.pdf,D:\DOCUMENTS\GitHub\HUNTS\pipeline\raw\2021\pdf\harvest_report\ABB95D60__2021-harvest-data.pdf,harvest_report,2021,2021,harvest_hr_applies_to_report_year
b03e968a__2021.pdf,D:\DOCUMENTS\GitHub\HUNTS\pipeline\raw\2021\pdf\harvest_report\b03e968a__2021.pdf,harvest_report,2021,2021,harvest_hr_applies_to_report_year
B7C6169F__2021-box-elder-pilot-mtn.pdf,D:\DOCUMENTS\GitHub\HUNTS\pipeline\raw\2021\pdf\harvest_report\B7C6169F__2021-box-elder-pilot-mtn.pdf,harvest_report,2021,2021,harvest_hr_applies_to_report_year
D014E894__2021-san-rafael-south.pdf,D:\DOCUMENTS\GitHub\HUNTS\pipeline\raw\2021\pdf\harvest_report\D014E894__2021-san-rafael-south.pdf,harvest_report,2021,2021,harvest_hr_applies_to_report_year
E8ECB6F8__2021-zion.pdf,D:\DOCUMENTS\GitHub\HUNTS\pipeline\raw\2021\pdf\harvest_report\E8ECB6F8__2021-zion.pdf,harvest_report,2021,2021,harvest_hr_applies_to_report_year
e8ee2db2__Antlerless big game.pdf,D:\DOCUMENTS\GitHub\HUNTS\pipeline\raw\2021\pdf\harvest_report\e8ee2db2__Antlerless big game.pdf,harvest_report,2021,2021,harvest_hr_applies_to_report_year
24b2f6b3__Lifetime general-season deer draw results.pdf,D:\DOCUMENTS\GitHub\HUNTS\pipeline\raw\2020\pdf\draw_odds\24b2f6b3__Lifetime general-season deer draw results.pdf,draw_odds,2020,2021,draw_results_to_next_year
3f05ae15__Youth draw-only elk bonus point draw results.pdf,D:\DOCUMENTS\GitHub\HUNTS\pipeline\raw\2020\pdf\draw_odds\3f05ae15__Youth draw-only elk bonus point draw results.pdf,draw_odds,2020,2021,draw_results_to_next_year
5213601e__turkey_2020_turkey_bonus_points_draw_results.pdf,D:\DOCUMENTS\GitHub\HUNTS\pipeline\raw\2020\pdf\draw_odds\5213601e__turkey_2020_turkey_bonus_points_draw_results.pdf,draw_odds,2020,2021,draw_results_to_next_year
68991b97__turkey_2020_youth_turkey_draw_results.pdf,D:\DOCUMENTS\GitHub\HUNTS\pipeline\raw\2020\pdf\draw_odds\68991b97__turkey_2020_youth_turkey_draw_results.pdf,draw_odds,2020,2021,draw_results_to_next_year
97ffae94__black_bear_20_drawing_odds.pdf,D:\DOCUMENTS\GitHub\HUNTS\pipeline\raw\2020\pdf\draw_odds\97ffae94__black_bear_20_drawing_odds.pdf,draw_odds,2020,2021,draw_results_to_next_year
a0ccd01f__Dedicated Hunter deer draw results.pdf,D:\DOCUMENTS\GitHub\HUNTS\pipeline\raw\2020\pdf\draw_odds\a0ccd01f__Dedicated Hunter deer draw results.pdf,draw_odds,2020,2021,draw_results_to_next_year
b6518e1c__Youth Dedicated Hunter deer draw results.pdf,D:\DOCUMENTS\GitHub\HUNTS\pipeline\raw\2020\pdf\draw_odds\b6518e1c__Youth Dedicated Hunter deer draw results.pdf,draw_odds,2020,2021,draw_results_to_next_year
c4a9d67b__Youth antlerless big game draw results.pdf,D:\DOCUMENTS\GitHub\HUNTS\pipeline\raw\2020\pdf\draw_odds\c4a9d67b__Youth antlerless big game draw results.pdf,draw_odds,2020,2021,draw_results_to_next_year
d30a80bb__Antlerless big game draw results.pdf,D:\DOCUMENTS\GitHub\HUNTS\pipeline\raw\2020\pdf\draw_odds\d30a80bb__Antlerless big game draw results.pdf,draw_odds,2020,2021,draw_results_to_next_year
e7b234c1__Youth general-season deer draw results.pdf,D:\DOCUMENTS\GitHub\HUNTS\pipeline\raw\2020\pdf\draw_odds\e7b234c1__Youth general-season deer draw results.pdf,draw_odds,2020,2021,draw_results_to_next_year
f4467d08__Big game limited-entry &amp; once-in-a-lifetime draw results.pdf,D:\DOCUMENTS\GitHub\HUNTS\pipeline\raw\2020\pdf\draw_odds\f4467d08__Big game limited-entry &amp; once-in-a-lifetime draw results.pdf,draw_odds,2020,2021,draw_results_to_next_year
fd3c3903__Sportsman draw odds report.pdf,D:\DOCUMENTS\GitHub\HUNTS\pipeline\raw\2020\pdf\draw_odds\fd3c3903__Sportsman draw odds report.pdf,draw_odds,2020,2021,draw_results_to_next_year
fddbc9d7__General-season buck deer draw results.pdf,D:\DOCUMENTS\GitHub\HUNTS\pipeline\raw\2020\pdf\draw_odds\fddbc9d7__General-season buck deer draw results.pdf,draw_odds,2020,2021,draw_results_to_next_year
0461C97A__2020_le_oial_all.pdf,D:\DOCUMENTS\GitHub\HUNTS\pipeline\raw\2020\pdf\harvest_report\0461C97A__2020_le_oial_all.pdf,harvest_report,2020,2020,harvest_hr_applies_to_report_year
0B112A6A__2020_antlerless_hr.pdf,D:\DOCUMENTS\GitHub\HUNTS\pipeline\raw\2020\pdf\harvest_report\0B112A6A__2020_antlerless_hr.pdf,harvest_report,2020,2020,harvest_hr_applies_to_report_year
0b5ca51c__Limited-entry and once-in-a-lifetime species.pdf,D:\DOCUMENTS\GitHub\HUNTS\pipeline\raw\2020\pdf\harvest_report\0b5ca51c__Limited-entry and once-in-a-lifetime species.pdf,harvest_report,2020,2020,harvest_hr_applies_to_report_year
20_bg_harvest_report.pdf,D:\DOCUMENTS\GitHub\HUNTS\pipeline\raw\2020\pdf\harvest_report\20_bg_harvest_report.pdf,harvest_report,2020,2020,harvest_hr_applies_to_report_year
3D2221CC__2020-central-mtns-nebo.pdf,D:\DOCUMENTS\GitHub\HUNTS\pipeline\raw\2020\pdf\harvest_report\3D2221CC__2020-central-mtns-nebo.pdf,harvest_report,2020,2020,harvest_hr_applies_to_report_year
4275246d__Antlerless big game.pdf,D:\DOCUMENTS\GitHub\HUNTS\pipeline\raw\2020\pdf\harvest_report\4275246d__Antlerless big game.pdf,harvest_report,2020,2020,harvest_hr_applies_to_report_year
4C032162__2020-harvest-data.pdf,D:\DOCUMENTS\GitHub\HUNTS\pipeline\raw\2020\pdf\harvest_report\4C032162__2020-harvest-data.pdf,harvest_report,2020,2020,harvest_hr_applies_to_report_year
71A9E811__2020-north-slope-red-canyon.pdf,D:\DOCUMENTS\GitHub\HUNTS\pipeline\raw\2020\pdf\harvest_report\71A9E811__2020-north-slope-red-canyon.pdf,harvest_report,2020,2020,harvest_hr_applies_to_report_year
847a57a8__mixed_2020-21.pdf,D:\DOCUMENTS\GitHub\HUNTS\pipeline\raw\2020\pdf\harvest_report\847a57a8__mixed_2020-21.pdf,harvest_report,2020,2020,harvest_hr_applies_to_report_year
8D421406__2020_gs_buck_deer_hr.pdf,D:\DOCUMENTS\GitHub\HUNTS\pipeline\raw\2020\pdf\harvest_report\8D421406__2020_gs_buck_deer_hr.pdf,harvest_report,2020,2020,harvest_hr_applies_to_report_year
8EA9424D__2020-la-sal-potash.pdf,D:\DOCUMENTS\GitHub\HUNTS\pipeline\raw\2020\pdf\harvest_report\8EA9424D__2020-la-sal-potash.pdf,harvest_report,2020,2020,harvest_hr_applies_to_report_year
97AF213E__2020-north-slope-goslin-mtn.pdf,D:\DOCUMENTS\GitHub\HUNTS\pipeline\raw\2020\pdf\harvest_report\97AF213E__2020-north-slope-goslin-mtn.pdf,harvest_report,2020,2020,harvest_hr_applies_to_report_year
a34306f2__bear_2020.pdf,D:\DOCUMENTS\GitHub\HUNTS\pipeline\raw\2020\pdf\harvest_report\a34306f2__bear_2020.pdf,harvest_report,2020,2020,harvest_hr_applies_to_report_year
a7d1d7ba__cougar_2020.pdf,D:\DOCUMENTS\GitHub\HUNTS\pipeline\raw\2020\pdf\harvest_report\a7d1d7ba__cougar_2020.pdf,harvest_report,2020,2020,harvest_hr_applies_to_report_year
ABA2F9C3__2020-san-juan-north.pdf,D:\DOCUMENTS\GitHub\HUNTS\pipeline\raw\2020\pdf\harvest_report\ABA2F9C3__2020-san-juan-north.pdf,harvest_report,2020,2020,harvest_hr_applies_to_report_year
AD0B9A6E__2020-kaiparowits-escalante.pdf,D:\DOCUMENTS\GitHub\HUNTS\pipeline\raw\2020\pdf\harvest_report\AD0B9A6E__2020-kaiparowits-escalante.pdf,harvest_report,2020,2020,harvest_hr_applies_to_report_year
AEF83DEF__2020-wasatch-mtns-west.pdf,D:\DOCUMENTS\GitHub\HUNTS\pipeline\raw\2020\pdf\harvest_report\AEF83DEF__2020-wasatch-mtns-west.pdf,harvest_report,2020,2020,harvest_hr_applies_to_report_year
bd5fef65__2020.pdf,D:\DOCUMENTS\GitHub\HUNTS\pipeline\raw\2020\pdf\harvest_report\bd5fef65__2020.pdf,harvest_report,2020,2020,harvest_hr_applies_to_report_year
C939DB7B__2020-north-slope-bare-top.pdf,D:\DOCUMENTS\GitHub\HUNTS\pipeline\raw\2020\pdf\harvest_report\C939DB7B__2020-north-slope-bare-top.pdf,harvest_report,2020,2020,harvest_hr_applies_to_report_year
D4C661D9__2020-san-juan-south.pdf,D:\DOCUMENTS\GitHub\HUNTS\pipeline\raw\2020\pdf\harvest_report\D4C661D9__2020-san-juan-south.pdf,harvest_report,2020,2020,harvest_hr_applies_to_report_year
DED44DA9__2020-san-juan-river.pdf,D:\DOCUMENTS\GitHub\HUNTS\pipeline\raw\2020\pdf\harvest_report\DED44DA9__2020-san-juan-river.pdf,harvest_report,2020,2020,harvest_hr_applies_to_report_year
dff7fc92__cougar_Drawing odds.pdf,D:\DOCUMENTS\GitHub\HUNTS\pipeline\raw\2020\pdf\harvest_report\dff7fc92__cougar_Drawing odds.pdf,draw_odds,2020,2021,draw_results_to_next_year
e38eeb18__General-season buck deer.pdf,D:\DOCUMENTS\GitHub\HUNTS\pipeline\raw\2020\pdf\harvest_report\e38eeb18__General-season buck deer.pdf,harvest_report,2020,2020,harvest_hr_applies_to_report_year
EC6B4470__2020-san-juan-lockhart.pdf,D:\DOCUMENTS\GitHub\HUNTS\pipeline\raw\2020\pdf\harvest_report\EC6B4470__2020-san-juan-lockhart.pdf,harvest_report,2020,2020,harvest_hr_applies_to_report_year
F30B053D__2020-north-slope-sheep-creek.pdf,D:\DOCUMENTS\GitHub\HUNTS\pipeline\raw\2020\pdf\harvest_report\F30B053D__2020-north-slope-sheep-creek.pdf,harvest_report,2020,2020,harvest_hr_applies_to_report_year
21F05C54__2019-nine-mile-range-creek.pdf,D:\DOCUMENTS\GitHub\HUNTS\pipeline\raw\2019\pdf\harvest_report\21F05C54__2019-nine-mile-range-creek.pdf,harvest_report,2019,2019,harvest_hr_applies_to_report_year
494E8D81__2019_antlerless_hr.pdf,D:\DOCUMENTS\GitHub\HUNTS\pipeline\raw\2019\pdf\harvest_report\494E8D81__2019_antlerless_hr.pdf,harvest_report,2019,2019,harvest_hr_applies_to_report_year
4B03444B__2019-book-cliffs-rattlesnake.pdf,D:\DOCUMENTS\GitHub\HUNTS\pipeline\raw\2019\pdf\harvest_report\4B03444B__2019-book-cliffs-rattlesnake.pdf,harvest_report,2019,2019,harvest_hr_applies_to_report_year
53131416__2019-oquirrh-stansbury.pdf,D:\DOCUMENTS\GitHub\HUNTS\pipeline\raw\2019\pdf\harvest_report\53131416__2019-oquirrh-stansbury.pdf,harvest_report,2019,2019,harvest_hr_applies_to_report_year
9AB7DD4C__2019-san-juan-north.pdf,D:\DOCUMENTS\GitHub\HUNTS\pipeline\raw\2019\pdf\harvest_report\9AB7DD4C__2019-san-juan-north.pdf,harvest_report,2019,2019,harvest_hr_applies_to_report_year
AF2F3783__2019-san-rafael-dirty-devil.pdf,D:\DOCUMENTS\GitHub\HUNTS\pipeline\raw\2019\pdf\harvest_report\AF2F3783__2019-san-rafael-dirty-devil.pdf,harvest_report,2019,2019,harvest_hr_applies_to_report_year
CB027DE6__2019-henry-mountains.pdf,D:\DOCUMENTS\GitHub\HUNTS\pipeline\raw\2019\pdf\harvest_report\CB027DE6__2019-henry-mountains.pdf,harvest_report,2019,2019,harvest_hr_applies_to_report_year
D0579D88__2019-harvest-data.pdf,D:\DOCUMENTS\GitHub\HUNTS\pipeline\raw\2019\pdf\harvest_report\D0579D88__2019-harvest-data.pdf,harvest_report,2019,2019,harvest_hr_applies_to_report_year
E3B82D73__2019_gs_deer_hr.pdf,D:\DOCUMENTS\GitHub\HUNTS\pipeline\raw\2019\pdf\harvest_report\E3B82D73__2019_gs_deer_hr.pdf,harvest_report,2019,2019,harvest_hr_applies_to_report_year
F4D5A08B__2019-box-elder-newfoundland.pdf,D:\DOCUMENTS\GitHub\HUNTS\pipeline\raw\2019\pdf\harvest_report\F4D5A08B__2019-box-elder-newfoundland.pdf,harvest_report,2019,2019,harvest_hr_applies_to_report_year
F64065F0__2019-fillmore-oak-creek.pdf,D:\DOCUMENTS\GitHub\HUNTS\pipeline\raw\2019\pdf\harvest_report\F64065F0__2019-fillmore-oak-creek.pdf,harvest_report,2019,2019,harvest_hr_applies_to_report_year
F9A1C29D__2019_le_oial_all.pdf,D:\DOCUMENTS\GitHub\HUNTS\pipeline\raw\2019\pdf\harvest_report\F9A1C29D__2019_le_oial_all.pdf,harvest_report,2019,2019,harvest_hr_applies_to_report_year
FF6C99FD__2019-pine-valley.pdf,D:\DOCUMENTS\GitHub\HUNTS\pipeline\raw\2019\pdf\harvest_report\FF6C99FD__2019-pine-valley.pdf,harvest_report,2019,2019,harvest_hr_applies_to_report_year
11339B18__2018-kaiparowits.pdf,D:\DOCUMENTS\GitHub\HUNTS\pipeline\raw\2018\pdf\harvest_report\11339B18__2018-kaiparowits.pdf,harvest_report,2018,2018,harvest_hr_applies_to_report_year
17C7BBEA__2018-zion.pdf,D:\DOCUMENTS\GitHub\HUNTS\pipeline\raw\2018\pdf\harvest_report\17C7BBEA__2018-zion.pdf,harvest_report,2018,2018,harvest_hr_applies_to_report_year
2BBB0C1A__2018-north-slope-red-canyon.pdf,D:\DOCUMENTS\GitHub\HUNTS\pipeline\raw\2018\pdf\harvest_report\2BBB0C1A__2018-north-slope-red-canyon.pdf,harvest_report,2018,2018,harvest_hr_applies_to_report_year
2DC08B69__2018-north-slope-sheep-creek.pdf,D:\DOCUMENTS\GitHub\HUNTS\pipeline\raw\2018\pdf\harvest_report\2DC08B69__2018-north-slope-sheep-creek.pdf,harvest_report,2018,2018,harvest_hr_applies_to_report_year
39C8D045__2018-north-slope-bare-top.pdf,D:\DOCUMENTS\GitHub\HUNTS\pipeline\raw\2018\pdf\harvest_report\39C8D045__2018-north-slope-bare-top.pdf,harvest_report,2018,2018,harvest_hr_applies_to_report_year
5362D4A1__2018-san-rafael-south.pdf,D:\DOCUMENTS\GitHub\HUNTS\pipeline\raw\2018\pdf\harvest_report\5362D4A1__2018-san-rafael-south.pdf,harvest_report,2018,2018,harvest_hr_applies_to_report_year
58B665E2__2018-wasatch-west.pdf,D:\DOCUMENTS\GitHub\HUNTS\pipeline\raw\2018\pdf\harvest_report\58B665E2__2018-wasatch-west.pdf,harvest_report,2018,2018,harvest_hr_applies_to_report_year
714AD5F1__2018-north-slope-hoop-lake.pdf,D:\DOCUMENTS\GitHub\HUNTS\pipeline\raw\2018\pdf\harvest_report\714AD5F1__2018-north-slope-hoop-lake.pdf,harvest_report,2018,2018,harvest_hr_applies_to_report_year
998F5948__2018-harvest-data.pdf,D:\DOCUMENTS\GitHub\HUNTS\pipeline\raw\2018\pdf\harvest_report\998F5948__2018-harvest-data.pdf,harvest_report,2018,2018,harvest_hr_applies_to_report_year
9AA76DD4__2018-central-mtns-nebo.pdf,D:\DOCUMENTS\GitHub\HUNTS\pipeline\raw\2018\pdf\harvest_report\9AA76DD4__2018-central-mtns-nebo.pdf,harvest_report,2018,2018,harvest_hr_applies_to_report_year
9F5340DF__2018-north-slope-goslin.pdf,D:\DOCUMENTS\GitHub\HUNTS\pipeline\raw\2018\pdf\harvest_report\9F5340DF__2018-north-slope-goslin.pdf,harvest_report,2018,2018,harvest_hr_applies_to_report_year
ECDA0F1D__2018_le_oial_hr.pdf,D:\DOCUMENTS\GitHub\HUNTS\pipeline\raw\2018\pdf\harvest_report\ECDA0F1D__2018_le_oial_hr.pdf,harvest_report,2018,2018,harvest_hr_applies_to_report_year
F157C927__2018-san-rafael-north.pdf,D:\DOCUMENTS\GitHub\HUNTS\pipeline\raw\2018\pdf\harvest_report\F157C927__2018-san-rafael-north.pdf,harvest_report,2018,2018,harvest_hr_applies_to_report_year
F3F82840__2018_gs_deer_hr.pdf,D:\DOCUMENTS\GitHub\HUNTS\pipeline\raw\2018\pdf\harvest_report\F3F82840__2018_gs_deer_hr.pdf,harvest_report,2018,2018,harvest_hr_applies_to_report_year
F5CE0D15__2018_antlerless_hr.pdf,D:\DOCUMENTS\GitHub\HUNTS\pipeline\raw\2018\pdf\harvest_report\F5CE0D15__2018_antlerless_hr.pdf,harvest_report,2018,2018,harvest_hr_applies_to_report_year
043488DC__2017_le_oial_hr.pdf,D:\DOCUMENTS\GitHub\HUNTS\pipeline\raw\2017\pdf\harvest_report\043488DC__2017_le_oial_hr.pdf,harvest_report,2017,2017,harvest_hr_applies_to_report_year
0FE6BFCA__2017_gs_deer_hr.pdf,D:\DOCUMENTS\GitHub\HUNTS\pipeline\raw\2017\pdf\harvest_report\0FE6BFCA__2017_gs_deer_hr.pdf,harvest_report,2017,2017,harvest_hr_applies_to_report_year
17E33C4D__2017-LaSalPotash_bighorn.pdf,D:\DOCUMENTS\GitHub\HUNTS\pipeline\raw\2017\pdf\harvest_report\17E33C4D__2017-LaSalPotash_bighorn.pdf,harvest_report,2017,2017,harvest_hr_applies_to_report_year
50D4A2A1__2017-OakCreek_bighorn.pdf,D:\DOCUMENTS\GitHub\HUNTS\pipeline\raw\2017\pdf\harvest_report\50D4A2A1__2017-OakCreek_bighorn.pdf,harvest_report,2017,2017,harvest_hr_applies_to_report_year
6AECF376__2017-bighorn_harvest.pdf,D:\DOCUMENTS\GitHub\HUNTS\pipeline\raw\2017\pdf\harvest_report\6AECF376__2017-bighorn_harvest.pdf,harvest_report,2017,2017,harvest_hr_applies_to_report_year
9C65D960__2017-SanJuanLockhart_bighorn.pdf,D:\DOCUMENTS\GitHub\HUNTS\pipeline\raw\2017\pdf\harvest_report\9C65D960__2017-SanJuanLockhart_bighorn.pdf,harvest_report,2017,2017,harvest_hr_applies_to_report_year
B37EDE43__2017-KaiparowitsEscalante_bighorn.pdf,D:\DOCUMENTS\GitHub\HUNTS\pipeline\raw\2017\pdf\harvest_report\B37EDE43__2017-KaiparowitsEscalante_bighorn.pdf,harvest_report,2017,2017,harvest_hr_applies_to_report_year
DA57FA0D__2017_antlerless_hr.pdf,D:\DOCUMENTS\GitHub\HUNTS\pipeline\raw\2017\pdf\harvest_report\DA57FA0D__2017_antlerless_hr.pdf,harvest_report,2017,2017,harvest_hr_applies_to_report_year
E0B518C9__2017-SanJuanNorth_bighorn.pdf,D:\DOCUMENTS\GitHub\HUNTS\pipeline\raw\2017\pdf\harvest_report\E0B518C9__2017-SanJuanNorth_bighorn.pdf,harvest_report,2017,2017,harvest_hr_applies_to_report_year
E58C632D__2017-SanJuanSouth_bighorn.pdf,D:\DOCUMENTS\GitHub\HUNTS\pipeline\raw\2017\pdf\harvest_report\E58C632D__2017-SanJuanSouth_bighorn.pdf,harvest_report,2017,2017,harvest_hr_applies_to_report_year
E6D3F0AB__2017-SanJuanRiver_bighorn.pdf,D:\DOCUMENTS\GitHub\HUNTS\pipeline\raw\2017\pdf\harvest_report\E6D3F0AB__2017-SanJuanRiver_bighorn.pdf,harvest_report,2017,2017,harvest_hr_applies_to_report_year
11D93CAD__2016_n_slope_w_daggett_sheep_creek_bh.pdf,D:\DOCUMENTS\GitHub\HUNTS\pipeline\raw\2016\pdf\harvest_report\11D93CAD__2016_n_slope_w_daggett_sheep_creek_bh.pdf,harvest_report,2016,2016,harvest_hr_applies_to_report_year
1414A3B6__2016_san_rafael_dirty_devil_bg.pdf,D:\DOCUMENTS\GitHub\HUNTS\pipeline\raw\2016\pdf\harvest_report\1414A3B6__2016_san_rafael_dirty_devil_bg.pdf,harvest_report,2016,2016,harvest_hr_applies_to_report_year
25AAAC37__2016_box_elder_newfoundlands_bh.pdf,D:\DOCUMENTS\GitHub\HUNTS\pipeline\raw\2016\pdf\harvest_report\25AAAC37__2016_box_elder_newfoundlands_bh.pdf,harvest_report,2016,2016,harvest_hr_applies_to_report_year
2B13F427__2016_pine_valley_bighorn.pdf,D:\DOCUMENTS\GitHub\HUNTS\pipeline\raw\2016\pdf\harvest_report\2B13F427__2016_pine_valley_bighorn.pdf,harvest_report,2016,2016,harvest_hr_applies_to_report_year
4B2B58E6__Box_Elder_Newfoundland_bighorn_2016.pdf,D:\DOCUMENTS\GitHub\HUNTS\pipeline\raw\2016\pdf\harvest_report\4B2B58E6__Box_Elder_Newfoundland_bighorn_2016.pdf,harvest_report,2016,2016,harvest_hr_applies_to_report_year
4B871A48__2016_le_oial_hr.pdf,D:\DOCUMENTS\GitHub\HUNTS\pipeline\raw\2016\pdf\harvest_report\4B871A48__2016_le_oial_hr.pdf,harvest_report,2016,2016,harvest_hr_applies_to_report_year
6B279CB4__2016_henrys_little_rockies_rattlesnake_bh.pdf,D:\DOCUMENTS\GitHub\HUNTS\pipeline\raw\2016\pdf\harvest_report\6B279CB4__2016_henrys_little_rockies_rattlesnake_bh.pdf,harvest_report,2016,2016,harvest_hr_applies_to_report_year
82A75C66__2016_gs_deer_hr.pdf,D:\DOCUMENTS\GitHub\HUNTS\pipeline\raw\2016\pdf\harvest_report\82A75C66__2016_gs_deer_hr.pdf,harvest_report,2016,2016,harvest_hr_applies_to_report_year
942386DD__2016_n_slope_three_corners_bh.pdf,D:\DOCUMENTS\GitHub\HUNTS\pipeline\raw\2016\pdf\harvest_report\942386DD__2016_n_slope_three_corners_bh.pdf,harvest_report,2016,2016,harvest_hr_applies_to_report_year
B21D6549__2016_bhs_harvest_data.pdf,D:\DOCUMENTS\GitHub\HUNTS\pipeline\raw\2016\pdf\harvest_report\B21D6549__2016_bhs_harvest_data.pdf,harvest_report,2016,2016,harvest_hr_applies_to_report_year
B564C9EC__2016_book_cliffs_rattlesnake_bh.pdf,D:\DOCUMENTS\GitHub\HUNTS\pipeline\raw\2016\pdf\harvest_report\B564C9EC__2016_book_cliffs_rattlesnake_bh.pdf,harvest_report,2016,2016,harvest_hr_applies_to_report_year
CA218DB8__2016_n_slope_w_daggett_red_canyon_bh.pdf,D:\DOCUMENTS\GitHub\HUNTS\pipeline\raw\2016\pdf\harvest_report\CA218DB8__2016_n_slope_w_daggett_red_canyon_bh.pdf,harvest_report,2016,2016,harvest_hr_applies_to_report_year
CBEBFE8C__2016_nine_mile_range_creek_bh.pdf,D:\DOCUMENTS\GitHub\HUNTS\pipeline\raw\2016\pdf\harvest_report\CBEBFE8C__2016_nine_mile_range_creek_bh.pdf,harvest_report,2016,2016,harvest_hr_applies_to_report_year
F6DB57FB__2016_antlerless_hr.pdf,D:\DOCUMENTS\GitHub\HUNTS\pipeline\raw\2016\pdf\harvest_report\F6DB57FB__2016_antlerless_hr.pdf,harvest_report,2016,2016,harvest_hr_applies_to_report_year
FD22B2D9__2016_n_slope_three_corners_goslin_bh.pdf,D:\DOCUMENTS\GitHub\HUNTS\pipeline\raw\2016\pdf\harvest_report\FD22B2D9__2016_n_slope_three_corners_goslin_bh.pdf,harvest_report,2016,2016,harvest_hr_applies_to_report_year
1592232F__NorthSlopeBaretop_bighorn_2015.pdf,D:\DOCUMENTS\GitHub\HUNTS\pipeline\raw\2015\pdf\harvest_report\1592232F__NorthSlopeBaretop_bighorn_2015.pdf,harvest_report,2015,2015,harvest_hr_applies_to_report_year
20569E3D__SouthSanRafael_bighorn_2015.pdf,D:\DOCUMENTS\GitHub\HUNTS\pipeline\raw\2015\pdf\harvest_report\20569E3D__SouthSanRafael_bighorn_2015.pdf,harvest_report,2015,2015,harvest_hr_applies_to_report_year
23C2211D__2015_antlerless_hr.pdf,D:\DOCUMENTS\GitHub\HUNTS\pipeline\raw\2015\pdf\harvest_report\23C2211D__2015_antlerless_hr.pdf,harvest_report,2015,2015,harvest_hr_applies_to_report_year
251794EF__2015_gs_deer_hr.pdf,D:\DOCUMENTS\GitHub\HUNTS\pipeline\raw\2015\pdf\harvest_report\251794EF__2015_gs_deer_hr.pdf,harvest_report,2015,2015,harvest_hr_applies_to_report_year
2CB58436__2015_BHS_Data.pdf,D:\DOCUMENTS\GitHub\HUNTS\pipeline\raw\2015\pdf\harvest_report\2CB58436__2015_BHS_Data.pdf,harvest_report,2015,2015,harvest_hr_applies_to_report_year
4F8E24C8__OquirrhStansburyBighorn_2015.pdf,D:\DOCUMENTS\GitHub\HUNTS\pipeline\raw\2015\pdf\harvest_report\4F8E24C8__OquirrhStansburyBighorn_2015.pdf,harvest_report,2015,2015,harvest_hr_applies_to_report_year
60DAB81C__NorthSlopeSheepCreek_bighorn_2015.pdf,D:\DOCUMENTS\GitHub\HUNTS\pipeline\raw\2015\pdf\harvest_report\60DAB81C__NorthSlopeSheepCreek_bighorn_2015.pdf,harvest_report,2015,2015,harvest_hr_applies_to_report_year
6744AEA9__NorthSanRafael_bighorn_2015.pdf,D:\DOCUMENTS\GitHub\HUNTS\pipeline\raw\2015\pdf\harvest_report\6744AEA9__NorthSanRafael_bighorn_2015.pdf,harvest_report,2015,2015,harvest_hr_applies_to_report_year
8CD72257__WasatchMtnsWest_bighorn_2015.pdf,D:\DOCUMENTS\GitHub\HUNTS\pipeline\raw\2015\pdf\harvest_report\8CD72257__WasatchMtnsWest_bighorn_2015.pdf,harvest_report,2015,2015,harvest_hr_applies_to_report_year
94CBE76A__CentralMtnsNebo_bighorn_2015.pdf,D:\DOCUMENTS\GitHub\HUNTS\pipeline\raw\2015\pdf\harvest_report\94CBE76A__CentralMtnsNebo_bighorn_2015.pdf,harvest_report,2015,2015,harvest_hr_applies_to_report_year
9D3EBB50__Zion_bighorn_2015.pdf,D:\DOCUMENTS\GitHub\HUNTS\pipeline\raw\2015\pdf\harvest_report\9D3EBB50__Zion_bighorn_2015.pdf,harvest_report,2015,2015,harvest_hr_applies_to_report_year
9FB2707A__NorthSlopeGoslinMtn_bighorn_2015.pdf,D:\DOCUMENTS\GitHub\HUNTS\pipeline\raw\2015\pdf\harvest_report\9FB2707A__NorthSlopeGoslinMtn_bighorn_2015.pdf,harvest_report,2015,2015,harvest_hr_applies_to_report_year
D8032F87__NorthSlopeRedCanyon_bighorn_2015.pdf,D:\DOCUMENTS\GitHub\HUNTS\pipeline\raw\2015\pdf\harvest_report\D8032F87__NorthSlopeRedCanyon_bighorn_2015.pdf,harvest_report,2015,2015,harvest_hr_applies_to_report_year
E8CF3BEA__2015_le_oial_hr.pdf,D:\DOCUMENTS\GitHub\HUNTS\pipeline\raw\2015\pdf\harvest_report\E8CF3BEA__2015_le_oial_hr.pdf,harvest_report,2015,2015,harvest_hr_applies_to_report_year
EA6B4005__KaiparowitsEastWest_bighorn_2015.pdf,D:\DOCUMENTS\GitHub\HUNTS\pipeline\raw\2015\pdf\harvest_report\EA6B4005__KaiparowitsEastWest_bighorn_2015.pdf,harvest_report,2015,2015,harvest_hr_applies_to_report_year
0AD0E19F__escalante_bighorn_2014.pdf,D:\DOCUMENTS\GitHub\HUNTS\pipeline\raw\2014\pdf\harvest_report\0AD0E19F__escalante_bighorn_2014.pdf,harvest_report,2014,2014,harvest_hr_applies_to_report_year
0B284939__baretop_bighorn_2014.pdf,D:\DOCUMENTS\GitHub\HUNTS\pipeline\raw\2014\pdf\harvest_report\0B284939__baretop_bighorn_2014.pdf,harvest_report,2014,2014,harvest_hr_applies_to_report_year
20175C2A__dirtydevil_bighorn_2014.pdf,D:\DOCUMENTS\GitHub\HUNTS\pipeline\raw\2014\pdf\harvest_report\20175C2A__dirtydevil_bighorn_2014.pdf,harvest_report,2014,2014,harvest_hr_applies_to_report_year
3A23A26F__2014_gs_deer_hr.pdf,D:\DOCUMENTS\GitHub\HUNTS\pipeline\raw\2014\pdf\harvest_report\3A23A26F__2014_gs_deer_hr.pdf,harvest_report,2014,2014,harvest_hr_applies_to_report_year
586D15F7__sheepcreek_bighorn_2014.pdf,D:\DOCUMENTS\GitHub\HUNTS\pipeline\raw\2014\pdf\harvest_report\586D15F7__sheepcreek_bighorn_2014.pdf,harvest_report,2014,2014,harvest_hr_applies_to_report_year
5C01A46D__westdaggett_redcanyon_bighorn_2014.pdf,D:\DOCUMENTS\GitHub\HUNTS\pipeline\raw\2014\pdf\harvest_report\5C01A46D__westdaggett_redcanyon_bighorn_2014.pdf,harvest_report,2014,2014,harvest_hr_applies_to_report_year
5DAFBD36__southsanjuan_bighorn_2014.pdf,D:\DOCUMENTS\GitHub\HUNTS\pipeline\raw\2014\pdf\harvest_report\5DAFBD36__southsanjuan_bighorn_2014.pdf,harvest_report,2014,2014,harvest_hr_applies_to_report_year
5E74FC14__avintaquin_bighorn_2014.pdf,D:\DOCUMENTS\GitHub\HUNTS\pipeline\raw\2014\pdf\harvest_report\5E74FC14__avintaquin_bighorn_2014.pdf,harvest_report,2014,2014,harvest_hr_applies_to_report_year
62B883FF__2014_all_species_hr.pdf,D:\DOCUMENTS\GitHub\HUNTS\pipeline\raw\2014\pdf\harvest_report\62B883FF__2014_all_species_hr.pdf,harvest_report,2014,2014,harvest_hr_applies_to_report_year
6A5A0322__northsanjuan_bighorn_2014.pdf,D:\DOCUMENTS\GitHub\HUNTS\pipeline\raw\2014\pdf\harvest_report\6A5A0322__northsanjuan_bighorn_2014.pdf,harvest_report,2014,2014,harvest_hr_applies_to_report_year
6AE90682__sanjuanriver_bighorn_2014.pdf,D:\DOCUMENTS\GitHub\HUNTS\pipeline\raw\2014\pdf\harvest_report\6AE90682__sanjuanriver_bighorn_2014.pdf,harvest_report,2014,2014,harvest_hr_applies_to_report_year
737D4E27__pinevalley_bighorn_2014.pdf,D:\DOCUMENTS\GitHub\HUNTS\pipeline\raw\2014\pdf\harvest_report\737D4E27__pinevalley_bighorn_2014.pdf,harvest_report,2014,2014,harvest_hr_applies_to_report_year
94140BEF__pilotmtn_bighorn_2014.pdf,D:\DOCUMENTS\GitHub\HUNTS\pipeline\raw\2014\pdf\harvest_report\94140BEF__pilotmtn_bighorn_2014.pdf,harvest_report,2014,2014,harvest_hr_applies_to_report_year
9DBED702__2014_antlerless_hr.pdf,D:\DOCUMENTS\GitHub\HUNTS\pipeline\raw\2014\pdf\harvest_report\9DBED702__2014_antlerless_hr.pdf,harvest_report,2014,2014,harvest_hr_applies_to_report_year
A5C79130__lasalpotash_bighorn_2014.pdf,D:\DOCUMENTS\GitHub\HUNTS\pipeline\raw\2014\pdf\harvest_report\A5C79130__lasalpotash_bighorn_2014.pdf,harvest_report,2014,2014,harvest_hr_applies_to_report_year
A72F6F1C__lockhart_bighorn_2014.pdf,D:\DOCUMENTS\GitHub\HUNTS\pipeline\raw\2014\pdf\harvest_report\A72F6F1C__lockhart_bighorn_2014.pdf,harvest_report,2014,2014,harvest_hr_applies_to_report_year
B1FCCFD7__henrys_littlerockies_bighorn_2014.pdf,D:\DOCUMENTS\GitHub\HUNTS\pipeline\raw\2014\pdf\harvest_report\B1FCCFD7__henrys_littlerockies_bighorn_2014.pdf,harvest_report,2014,2014,harvest_hr_applies_to_report_year
B41D81A1__newfoundland_bighorn_2014.pdf,D:\DOCUMENTS\GitHub\HUNTS\pipeline\raw\2014\pdf\harvest_report\B41D81A1__newfoundland_bighorn_2014.pdf,harvest_report,2014,2014,harvest_hr_applies_to_report_year
D04E792F__2014_bhs_data.pdf,D:\DOCUMENTS\GitHub\HUNTS\pipeline\raw\2014\pdf\harvest_report\D04E792F__2014_bhs_data.pdf,harvest_report,2014,2014,harvest_hr_applies_to_report_year
DB693FA5__goslinmtn_bighorn_2014.pdf,D:\DOCUMENTS\GitHub\HUNTS\pipeline\raw\2014\pdf\harvest_report\DB693FA5__goslinmtn_bighorn_2014.pdf,harvest_report,2014,2014,harvest_hr_applies_to_report_year
04F508BD__2013_all_species_hr.pdf,D:\DOCUMENTS\GitHub\HUNTS\pipeline\raw\2013\pdf\harvest_report\04F508BD__2013_all_species_hr.pdf,harvest_report,2013,2013,harvest_hr_applies_to_report_year
1400385D__2013_moose_hr.pdf,D:\DOCUMENTS\GitHub\HUNTS\pipeline\raw\2013\pdf\harvest_report\1400385D__2013_moose_hr.pdf,harvest_report,2013,2013,harvest_hr_applies_to_report_year
31B5012A__2013_mg_hr.pdf,D:\DOCUMENTS\GitHub\HUNTS\pipeline\raw\2013\pdf\harvest_report\31B5012A__2013_mg_hr.pdf,harvest_report,2013,2013,harvest_hr_applies_to_report_year
3C5A3350__2013_rmbs_hr.pdf,D:\DOCUMENTS\GitHub\HUNTS\pipeline\raw\2013\pdf\harvest_report\3C5A3350__2013_rmbs_hr.pdf,harvest_report,2013,2013,harvest_hr_applies_to_report_year
58DF2D11__2013_gs_deer_hr.pdf,D:\DOCUMENTS\GitHub\HUNTS\pipeline\raw\2013\pdf\harvest_report\58DF2D11__2013_gs_deer_hr.pdf,harvest_report,2013,2013,harvest_hr_applies_to_report_year
8949AE45__2013_le_elk_hr.pdf,D:\DOCUMENTS\GitHub\HUNTS\pipeline\raw\2013\pdf\harvest_report\8949AE45__2013_le_elk_hr.pdf,harvest_report,2013,2013,harvest_hr_applies_to_report_year
8995B15E__2013_bison_hr.pdf,D:\DOCUMENTS\GitHub\HUNTS\pipeline\raw\2013\pdf\harvest_report\8995B15E__2013_bison_hr.pdf,harvest_report,2013,2013,harvest_hr_applies_to_report_year
BA46974B__2013_le_pronghorn_hr.pdf,D:\DOCUMENTS\GitHub\HUNTS\pipeline\raw\2013\pdf\harvest_report\BA46974B__2013_le_pronghorn_hr.pdf,harvest_report,2013,2013,harvest_hr_applies_to_report_year
FA55B0D7__2013_le_deer_hr.pdf,D:\DOCUMENTS\GitHub\HUNTS\pipeline\raw\2013\pdf\harvest_report\FA55B0D7__2013_le_deer_hr.pdf,harvest_report,2013,2013,harvest_hr_applies_to_report_year
FB91F4A9__2013_dbs_hr.pdf,D:\DOCUMENTS\GitHub\HUNTS\pipeline\raw\2013\pdf\harvest_report\FB91F4A9__2013_dbs_hr.pdf,harvest_report,2013,2013,harvest_hr_applies_to_report_year
